{"stats":{"minecraft:mined":{"minecraft:spruce_planks":8,"minecraft:white_bed":1,"minecraft:oak_fence":6,"minecraft:spruce_trapdoor":1,"minecraft:torch":2,"minecraft:short_grass":11,"minecraft:grass_block":327,"minecraft:oak_planks":1,"minecraft:hay_block":10,"minecraft:iron_ore":5,"minecraft:coal_ore":65,"minecraft:oak_log":1,"minecraft:vine":1,"minecraft:sand":35,"minecraft:dirt":25,"minecraft:stone":35,"minecraft:oak_leaves":20},"minecraft:broken":{"minecraft:stone_shovel":2},"minecraft:picked_up":{"minecraft:feather":1,"minecraft:jungle_log":1,"minecraft:oak_log":1,"minecraft:music_disc_cat":1,"minecraft:dirt":383,"minecraft:bone":1,"minecraft:apple":3,"minecraft:wheat_seeds":1,"minecraft:spruce_planks":4,"minecraft:music_disc_otherside":4,"minecraft:beef":2,"minecraft:oak_boat":4,"minecraft:jungle_sapling":6,"minecraft:birch_sapling":5,"minecraft:oak_planks":1,"minecraft:spruce_trapdoor":2,"minecraft:raw_iron":5,"minecraft:tipped_arrow":1,"minecraft:stick":39,"minecraft:oak_fence":6,"minecraft:torch":2,"minecraft:porkchop":9,"minecraft:sand":15,"minecraft:spruce_sapling":41,"minecraft:white_bed":1,"minecraft:hay_block":10,"minecraft:oak_sapling":21,"minecraft:coal":65,"minecraft:mutton":6,"minecraft:cobblestone":35,"minecraft:white_wool":3},"minecraft:dropped":{"minecraft:stone_axe":1,"minecraft:player_head":2,"minecraft:crafting_table":1,"minecraft:stick":27,"minecraft:filled_map":1,"minecraft:tipped_arrow":1,"minecraft:oak_sapling":8,"minecraft:fire_charge":1,"minecraft:golden_sword":1,"minecraft:jungle_sapling":1,"minecraft:spruce_log":103,"minecraft:golden_hoe":1,"minecraft:heart_of_the_sea":1,"minecraft:spruce_sapling":29,"minecraft:bone":1},"minecraft:used":{"minecraft:oak_fence":96,"minecraft:stone_shovel":368,"minecraft:stone_pickaxe":106,"minecraft:oak_planks":12,"minecraft:chest":2,"minecraft:spruce_planks":29,"minecraft:shield":7,"minecraft:iron_sword":32,"minecraft:cooked_salmon":6,"minecraft:player_head":1,"minecraft:torch":14,"minecraft:sand":13,"minecraft:dirt":383,"minecraft:crafting_table":1,"minecraft:white_bed":2,"minecraft:jungle_sapling":4,"minecraft:oak_stairs":64,"minecraft:bread":5,"minecraft:spruce_trapdoor":2,"minecraft:spruce_sapling":12,"minecraft:stone_axe":13,"minecraft:beef":2,"minecraft:oak_sapling":1,"minecraft:porkchop":4,"minecraft:oak_boat":4},"minecraft:killed":{"minecraft:pig":4,"minecraft:bogged":2,"minecraft:sheep":3,"minecraft:skeleton":1,"minecraft:zombie":1,"minecraft:cow":1},"minecraft:custom":{"minecraft:mob_kills":12,"minecraft:play_record":2,"minecraft:traded_with_villager":42,"minecraft:interact_with_crafting_table":33,"minecraft:leave_game":1,"minecraft:time_since_death":142424,"minecraft:sleep_in_bed":3,"minecraft:climb_one_cm":3754,"minecraft:time_since_rest":18272,"minecraft:sprint_one_cm":155427,"minecraft:damage_taken":280,"minecraft:walk_one_cm":206987,"minecraft:damage_blocked_by_shield":405,"minecraft:drop":20,"minecraft:damage_dealt":1469,"minecraft:talked_to_villager":13,"minecraft:swim_one_cm":5546,"minecraft:fly_one_cm":252668,"minecraft:open_chest":28,"minecraft:crouch_one_cm":57151,"minecraft:play_time":142424,"minecraft:sneak_time":11551,"minecraft:walk_under_water_one_cm":3477,"minecraft:boat_one_cm":161581,"minecraft:jump":1517,"minecraft:walk_on_water_one_cm":3746,"minecraft:total_world_time":142424,"minecraft:fall_one_cm":31790},"minecraft:crafted":{"minecraft:oak_planks":244,"minecraft:stone_shovel":2,"minecraft:emerald":41,"minecraft:diamond_axe":1,"minecraft:crafting_table":2,"minecraft:spruce_planks":296,"minecraft:birch_planks":100,"minecraft:stone_axe":4,"minecraft:bread":32,"minecraft:jungle_planks":356,"minecraft:oak_boat":1,"minecraft:iron_chestplate":1,"minecraft:shield":1,"minecraft:stick":1404,"minecraft:iron_pickaxe":1,"minecraft:stone_pickaxe":1,"minecraft:oak_stairs":64,"minecraft:chest":2,"minecraft:white_bed":1,"minecraft:torch":84,"minecraft:oak_fence":93,"minecraft:wheat":90}},"DataVersion":3953}