{"stats":{"minecraft:killed_by":{"minecraft:skeleton":1,"minecraft:iron_golem":1},"minecraft:mined":{"minecraft:tuff":1,"minecraft:white_bed":10,"minecraft:deepslate_diamond_ore":14,"minecraft:cobblestone_stairs":2,"minecraft:brewing_stand":5,"minecraft:short_grass":6,"minecraft:blast_furnace":2,"minecraft:grass_block":4,"minecraft:chest":6,"minecraft:lectern":1,"minecraft:tall_grass":1,"minecraft:oak_planks":1,"minecraft:cobblestone":13,"minecraft:composter":4,"minecraft:spruce_leaves":50,"minecraft:cartography_table":2,"minecraft:grindstone":2,"minecraft:sugar_cane":14,"minecraft:birch_planks":1,"minecraft:iron_ore":12,"minecraft:pumpkin":14,"minecraft:yellow_bed":3,"minecraft:bookshelf":4,"minecraft:coal_ore":14,"minecraft:deepslate_iron_ore":29,"minecraft:rail":1,"minecraft:cobweb":15,"minecraft:stone":4,"minecraft:deepslate":15},"minecraft:killed":{"minecraft:spider":3,"minecraft:iron_golem":2,"minecraft:creeper":1,"minecraft:sheep":7,"minecraft:skeleton":1,"minecraft:zombie":9,"minecraft:cow":5},"minecraft:crafted":{"minecraft:oak_planks":24,"minecraft:stone_shovel":1,"minecraft:spruce_planks":96,"minecraft:stone_axe":1,"minecraft:air":0,"minecraft:diamond_pickaxe":1,"minecraft:charcoal":43,"minecraft:shield":1,"minecraft:stick":8,"minecraft:iron_ingot":42,"minecraft:iron_pickaxe":1,"minecraft:spruce_boat":1},"minecraft:picked_up":{"minecraft:bee_nest":1,"minecraft:chest_minecart":1,"minecraft:leather":7,"minecraft:brown_wool":1,"minecraft:oak_stairs":14,"minecraft:potato":9,"minecraft:birch_planks":1,"minecraft:flint":1,"minecraft:tuff":1,"minecraft:brewing_stand":5,"minecraft:yellow_bed":6,"minecraft:gunpowder":1,"minecraft:cobblestone_stairs":2,"minecraft:string":17,"minecraft:dirt":9,"minecraft:bone":1,"minecraft:apple":15,"minecraft:cobbled_deepslate":23,"minecraft:wheat_seeds":8,"minecraft:cartography_table":2,"minecraft:player_head":10,"minecraft:beef":14,"minecraft:grindstone":2,"minecraft:iron_ingot":7,"minecraft:lectern":1,"minecraft:powered_rail":3,"minecraft:sugar_cane":34,"minecraft:chest":6,"minecraft:birch_sapling":9,"minecraft:oak_planks":1,"minecraft:egg":1,"minecraft:book":12,"minecraft:raw_iron":42,"minecraft:stick":55,"minecraft:pumpkin":14,"minecraft:composter":6,"minecraft:fire_charge":1,"minecraft:spruce_sapling":33,"minecraft:blast_furnace":2,"minecraft:white_bed":19,"minecraft:golden_chestplate":2,"minecraft:arrow":1,"minecraft:rotten_flesh":12,"minecraft:diamond":15,"minecraft:golden_hoe":1,"minecraft:gold_ingot":2,"minecraft:bread":11,"minecraft:oak_sapling":66,"minecraft:mutton":11,"minecraft:coal":18,"minecraft:rail":7,"minecraft:white_wool":6,"minecraft:cobblestone":17},"minecraft:dropped":{"minecraft:iron_ingot":6,"minecraft:player_head":10,"minecraft:composter":2,"minecraft:stone_shovel":1,"minecraft:cobblestone":18,"minecraft:white_bed":9,"minecraft:grass_block":1,"minecraft:yellow_bed":3,"minecraft:oak_leaves":1},"minecraft:custom":{"minecraft:interact_with_furnace":6,"minecraft:mob_kills":28,"minecraft:interact_with_crafting_table":8,"minecraft:time_since_death":30209,"minecraft:leave_game":6,"minecraft:sleep_in_bed":3,"minecraft:climb_one_cm":432,"minecraft:time_since_rest":3340,"minecraft:sprint_one_cm":377049,"minecraft:damage_taken":1636,"minecraft:walk_one_cm":277440,"minecraft:damage_blocked_by_shield":662,"minecraft:drop":31,"minecraft:damage_dealt":6051,"minecraft:swim_one_cm":45353,"minecraft:fly_one_cm":404122,"minecraft:open_chest":28,"minecraft:crouch_one_cm":3285,"minecraft:play_time":130261,"minecraft:deaths":3,"minecraft:sneak_time":1217,"minecraft:walk_under_water_one_cm":2370,"minecraft:boat_one_cm":13776,"minecraft:jump":1707,"minecraft:interact_with_blast_furnace":19,"minecraft:walk_on_water_one_cm":10548,"minecraft:total_world_time":130261,"minecraft:fall_one_cm":35770},"minecraft:broken":{"minecraft:stone_axe":1},"minecraft:used":{"minecraft:stone_sword":105,"minecraft:stone_shovel":4,"minecraft:stone_pickaxe":79,"minecraft:cartography_table":2,"minecraft:chest":1,"minecraft:shield":2,"minecraft:composter":2,"minecraft:player_head":5,"minecraft:oak_leaves":10,"minecraft:torch":6,"minecraft:brewing_stand":5,"minecraft:blast_furnace":2,"minecraft:white_bed":6,"minecraft:spruce_boat":1,"minecraft:grass_block":1,"minecraft:bread":13,"minecraft:iron_pickaxe":37,"minecraft:stone_axe":67,"minecraft:grindstone":2,"minecraft:egg":1,"minecraft:pumpkin":6}},"DataVersion":3953}