{"stats":{"minecraft:killed_by":{"minecraft:skeleton":1,"minecraft:iron_golem":1},"minecraft:mined":{"minecraft:tuff":1,"minecraft:white_bed":10,"minecraft:deepslate_diamond_ore":14,"minecraft:cobblestone_stairs":2,"minecraft:brewing_stand":5,"minecraft:short_grass":6,"minecraft:blast_furnace":2,"minecraft:grass_block":4,"minecraft:chest":6,"minecraft:lectern":1,"minecraft:tall_grass":1,"minecraft:oak_planks":1,"minecraft:cobblestone":13,"minecraft:composter":4,"minecraft:spruce_leaves":50,"minecraft:cartography_table":2,"minecraft:grindstone":2,"minecraft:sugar_cane":14,"minecraft:birch_planks":1,"minecraft:iron_ore":12,"minecraft:pumpkin":14,"minecraft:yellow_bed":3,"minecraft:bookshelf":4,"minecraft:coal_ore":14,"minecraft:deepslate_iron_ore":15,"minecraft:cobweb":4,"minecraft:stone":4,"minecraft:deepslate":9},"minecraft:killed":{"minecraft:spider":2,"minecraft:iron_golem":2,"minecraft:creeper":1,"minecraft:sheep":7,"minecraft:skeleton":1,"minecraft:zombie":9,"minecraft:cow":5},"minecraft:crafted":{"minecraft:oak_planks":24,"minecraft:stone_shovel":1,"minecraft:spruce_planks":96,"minecraft:stone_axe":1,"minecraft:shield":1,"minecraft:stick":8,"minecraft:iron_pickaxe":1},"minecraft:picked_up":{"minecraft:bee_nest":1,"minecraft:leather":7,"minecraft:brown_wool":1,"minecraft:oak_stairs":14,"minecraft:potato":9,"minecraft:birch_planks":1,"minecraft:flint":1,"minecraft:tuff":1,"minecraft:brewing_stand":5,"minecraft:yellow_bed":6,"minecraft:gunpowder":1,"minecraft:cobblestone_stairs":2,"minecraft:string":4,"minecraft:dirt":9,"minecraft:bone":1,"minecraft:apple":15,"minecraft:cobbled_deepslate":16,"minecraft:wheat_seeds":8,"minecraft:cartography_table":2,"minecraft:player_head":10,"minecraft:beef":14,"minecraft:grindstone":2,"minecraft:iron_ingot":7,"minecraft:lectern":1,"minecraft:sugar_cane":34,"minecraft:chest":6,"minecraft:birch_sapling":9,"minecraft:oak_planks":1,"minecraft:egg":1,"minecraft:book":12,"minecraft:raw_iron":27,"minecraft:stick":51,"minecraft:pumpkin":14,"minecraft:composter":6,"minecraft:fire_charge":1,"minecraft:spruce_sapling":29,"minecraft:blast_furnace":2,"minecraft:white_bed":19,"minecraft:golden_chestplate":2,"minecraft:arrow":1,"minecraft:rotten_flesh":12,"minecraft:diamond":15,"minecraft:golden_hoe":1,"minecraft:gold_ingot":2,"minecraft:bread":11,"minecraft:oak_sapling":66,"minecraft:mutton":11,"minecraft:coal":14,"minecraft:white_wool":6,"minecraft:cobblestone":17},"minecraft:dropped":{"minecraft:iron_ingot":3,"minecraft:player_head":10,"minecraft:composter":2,"minecraft:stone_shovel":1,"minecraft:white_bed":9,"minecraft:grass_block":1,"minecraft:yellow_bed":3,"minecraft:oak_leaves":1},"minecraft:custom":{"minecraft:interact_with_furnace":1,"minecraft:mob_kills":27,"minecraft:interact_with_crafting_table":4,"minecraft:time_since_death":6209,"minecraft:leave_game":6,"minecraft:sleep_in_bed":2,"minecraft:climb_one_cm":432,"minecraft:time_since_rest":6242,"minecraft:sprint_one_cm":334490,"minecraft:damage_taken":1629,"minecraft:walk_one_cm":227491,"minecraft:damage_blocked_by_shield":662,"minecraft:drop":29,"minecraft:damage_dealt":5892,"minecraft:swim_one_cm":45353,"minecraft:fly_one_cm":358090,"minecraft:open_chest":17,"minecraft:crouch_one_cm":3031,"minecraft:play_time":106261,"minecraft:deaths":3,"minecraft:sneak_time":1115,"minecraft:walk_under_water_one_cm":2370,"minecraft:jump":1381,"minecraft:walk_on_water_one_cm":10548,"minecraft:total_world_time":106261,"minecraft:fall_one_cm":30104},"minecraft:broken":{"minecraft:stone_axe":1},"minecraft:used":{"minecraft:stone_sword":90,"minecraft:stone_shovel":4,"minecraft:stone_pickaxe":64,"minecraft:cartography_table":2,"minecraft:chest":1,"minecraft:shield":2,"minecraft:composter":2,"minecraft:player_head":5,"minecraft:oak_leaves":10,"minecraft:torch":6,"minecraft:brewing_stand":5,"minecraft:blast_furnace":2,"minecraft:white_bed":6,"minecraft:grass_block":1,"minecraft:bread":10,"minecraft:iron_pickaxe":31,"minecraft:stone_axe":67,"minecraft:grindstone":2,"minecraft:egg":1,"minecraft:pumpkin":6}},"DataVersion":3953}