{"stats":{"minecraft:custom":{"minecraft:time_since_rest":26480,"minecraft:crouch_one_cm":931,"minecraft:sprint_one_cm":53940,"minecraft:play_time":26480,"minecraft:damage_taken":20,"minecraft:walk_one_cm":33265,"minecraft:sneak_time":406,"minecraft:mob_kills":1,"minecraft:jump":73,"minecraft:damage_dealt":200,"minecraft:leave_game":3,"minecraft:time_since_death":26480,"minecraft:total_world_time":26480,"minecraft:fall_one_cm":749,"minecraft:fly_one_cm":52647},"minecraft:used":{"minecraft:stone_axe":3,"minecraft:oak_leaves":10,"minecraft:torch":6,"minecraft:grass_block":1},"minecraft:mined":{"minecraft:spruce_leaves":4},"minecraft:killed":{"minecraft:creeper":1},"minecraft:picked_up":{"minecraft:stick":48,"minecraft:bee_nest":1,"minecraft:apple":6,"minecraft:spruce_sapling":22,"minecraft:gunpowder":1,"minecraft:oak_sapling":49,"minecraft:birch_sapling":9}},"DataVersion":3953}