{"stats":{"minecraft:custom":{"minecraft:time_since_rest":50867,"minecraft:crouch_one_cm":1046,"minecraft:play_time":50867,"minecraft:sprint_one_cm":59816,"minecraft:damage_taken":20,"minecraft:walk_one_cm":36859,"minecraft:sneak_time":469,"minecraft:mob_kills":2,"minecraft:drop":2,"minecraft:jump":107,"minecraft:damage_dealt":280,"minecraft:leave_game":5,"minecraft:time_since_death":50867,"minecraft:total_world_time":50867,"minecraft:fall_one_cm":1585,"minecraft:fly_one_cm":66025},"minecraft:dropped":{"minecraft:oak_leaves":1,"minecraft:grass_block":1},"minecraft:used":{"minecraft:stone_axe":4,"minecraft:oak_leaves":10,"minecraft:torch":6,"minecraft:grass_block":1},"minecraft:mined":{"minecraft:grass_block":1,"minecraft:spruce_leaves":4},"minecraft:killed":{"minecraft:sheep":1,"minecraft:creeper":1},"minecraft:picked_up":{"minecraft:stick":48,"minecraft:bee_nest":1,"minecraft:apple":6,"minecraft:spruce_sapling":22,"minecraft:gunpowder":1,"minecraft:oak_sapling":49,"minecraft:birch_sapling":9,"minecraft:mutton":1,"minecraft:white_wool":1,"minecraft:dirt":1}},"DataVersion":3953}