{"stats":{"minecraft:killed_by":{"minecraft:iron_golem":1},"minecraft:mined":{"minecraft:white_bed":9,"minecraft:cobblestone_stairs":2,"minecraft:brewing_stand":3,"minecraft:short_grass":5,"minecraft:blast_furnace":2,"minecraft:grass_block":1,"minecraft:chest":5,"minecraft:lectern":1,"minecraft:cobblestone":10,"minecraft:composter":4,"minecraft:spruce_leaves":4,"minecraft:cartography_table":1,"minecraft:grindstone":1,"minecraft:sugar_cane":14,"minecraft:pumpkin":14,"minecraft:yellow_bed":3,"minecraft:bookshelf":4},"minecraft:killed":{"minecraft:spider":1,"minecraft:iron_golem":2,"minecraft:creeper":1,"minecraft:sheep":6,"minecraft:skeleton":1,"minecraft:zombie":1,"minecraft:cow":5},"minecraft:crafted":{"minecraft:oak_planks":24,"minecraft:spruce_planks":48,"minecraft:stone_axe":1,"minecraft:stick":4},"minecraft:picked_up":{"minecraft:bee_nest":1,"minecraft:leather":7,"minecraft:brown_wool":1,"minecraft:oak_stairs":14,"minecraft:potato":9,"minecraft:brewing_stand":3,"minecraft:yellow_bed":6,"minecraft:gunpowder":1,"minecraft:cobblestone_stairs":2,"minecraft:dirt":3,"minecraft:bone":1,"minecraft:apple":15,"minecraft:wheat_seeds":8,"minecraft:cartography_table":1,"minecraft:player_head":10,"minecraft:beef":14,"minecraft:grindstone":1,"minecraft:iron_ingot":7,"minecraft:lectern":1,"minecraft:sugar_cane":29,"minecraft:chest":5,"minecraft:birch_sapling":9,"minecraft:book":12,"minecraft:stick":49,"minecraft:pumpkin":14,"minecraft:composter":4,"minecraft:spruce_sapling":24,"minecraft:blast_furnace":2,"minecraft:white_bed":18,"minecraft:arrow":1,"minecraft:rotten_flesh":1,"minecraft:gold_ingot":2,"minecraft:bread":11,"minecraft:oak_sapling":66,"minecraft:mutton":9,"minecraft:white_wool":5,"minecraft:cobblestone":10},"minecraft:dropped":{"minecraft:iron_ingot":3,"minecraft:player_head":10,"minecraft:stone_shovel":1,"minecraft:white_bed":9,"minecraft:grass_block":1,"minecraft:yellow_bed":3,"minecraft:oak_leaves":1},"minecraft:custom":{"minecraft:interact_with_furnace":1,"minecraft:mob_kills":17,"minecraft:interact_with_crafting_table":3,"minecraft:time_since_death":4568,"minecraft:leave_game":6,"minecraft:sleep_in_bed":1,"minecraft:climb_one_cm":432,"minecraft:time_since_rest":4597,"minecraft:sprint_one_cm":203787,"minecraft:damage_taken":777,"minecraft:walk_one_cm":158728,"minecraft:drop":28,"minecraft:damage_dealt":3824,"minecraft:swim_one_cm":45197,"minecraft:fly_one_cm":213979,"minecraft:open_chest":5,"minecraft:crouch_one_cm":2443,"minecraft:play_time":82261,"minecraft:deaths":2,"minecraft:sneak_time":801,"minecraft:walk_under_water_one_cm":2016,"minecraft:jump":795,"minecraft:walk_on_water_one_cm":9339,"minecraft:total_world_time":82261,"minecraft:fall_one_cm":13730},"minecraft:broken":{"minecraft:stone_axe":1},"minecraft:used":{"minecraft:stone_sword":38,"minecraft:stone_shovel":1,"minecraft:stone_pickaxe":20,"minecraft:player_head":3,"minecraft:oak_leaves":10,"minecraft:torch":6,"minecraft:white_bed":6,"minecraft:grass_block":1,"minecraft:stone_axe":63,"minecraft:pumpkin":6}},"DataVersion":3953}