{"stats":{"minecraft:custom":{"minecraft:interact_with_crafting_table":38,"minecraft:leave_game":16,"minecraft:time_since_death":104830,"minecraft:sprint_one_cm":1584934,"minecraft:damage_blocked_by_shield":1766,"minecraft:drop":175,"minecraft:talked_to_villager":227,"minecraft:play_time":617414,"minecraft:deaths":9,"minecraft:jump":7867,"minecraft:walk_on_water_one_cm":184919,"minecraft:enchant_item":31,"minecraft:interact_with_furnace":28,"minecraft:play_record":7,"minecraft:traded_with_villager":578,"minecraft:interact_with_cartography_table":2,"minecraft:sleep_in_bed":26,"minecraft:damage_dealt":25615,"minecraft:player_kills":4,"minecraft:crouch_one_cm":89319,"minecraft:mob_kills":146,"minecraft:climb_one_cm":1544,"minecraft:walk_one_cm":1352314,"minecraft:sneak_time":26144,"minecraft:walk_under_water_one_cm":99982,"minecraft:boat_one_cm":13776,"minecraft:interact_with_blast_furnace":48,"minecraft:total_world_time":617414,"minecraft:interact_with_grindstone":9,"minecraft:interact_with_stonecutter":1,"minecraft:time_since_rest":2453,"minecraft:damage_taken":7274,"minecraft:swim_one_cm":76450,"minecraft:fly_one_cm":4066561,"minecraft:open_chest":424,"minecraft:fall_one_cm":141852},"minecraft:crafted":{"minecraft:oak_planks":96,"minecraft:stone":64,"minecraft:diamond_shovel":4,"minecraft:bookshelf":32,"minecraft:suspicious_stew":7,"minecraft:quartz_block":42,"minecraft:glass":10,"minecraft:diamond_helmet":1,"minecraft:iron_boots":2,"minecraft:diamond_leggings":1,"minecraft:melon_seeds":30,"minecraft:chest":65,"minecraft:emerald":887,"minecraft:diamond_axe":3,"minecraft:spruce_planks":10036,"minecraft:iron_helmet":1,"minecraft:fletching_table":6,"minecraft:birch_planks":48,"minecraft:pumpkin_seeds":32,"minecraft:apple":48,"minecraft:spruce_trapdoor":186,"minecraft:iron_chestplate":1,"minecraft:book":46,"minecraft:diamond_pickaxe":3,"minecraft:paper":384,"minecraft:charcoal":68,"minecraft:emerald_block":61,"minecraft:shield":1,"minecraft:stick":15784,"minecraft:iron_ingot":146,"minecraft:iron_pickaxe":1,"minecraft:gold_ingot":13,"minecraft:redstone_torch":1,"minecraft:golden_carrot":102,"minecraft:cookie":144,"minecraft:raw_iron":9,"minecraft:stone_shovel":1,"minecraft:jukebox":1,"minecraft:diamond_hoe":2,"minecraft:piston":1,"minecraft:spruce_fence":183,"minecraft:iron_axe":1,"minecraft:iron_hoe":1,"minecraft:spruce_slab":60,"minecraft:diamond_boots":1,"minecraft:spruce_boat":1,"minecraft:dark_oak_planks":244,"minecraft:crimson_planks":316,"minecraft:diamond_sword":1,"minecraft:spruce_sign":3,"minecraft:enchanting_table":1,"minecraft:crimson_slab":372,"minecraft:bucket":5,"minecraft:stone_axe":1,"minecraft:enchanted_book":2,"minecraft:bread":60,"minecraft:air":0,"minecraft:golden_apple":2,"minecraft:iron_leggings":2,"minecraft:diamond_chestplate":1},"minecraft:killed_by":{"minecraft:creeper":1,"minecraft:player":1,"minecraft:iron_golem":1,"minecraft:skeleton":2},"minecraft:dropped":{"minecraft:clay":3,"minecraft:moss_block":5,"minecraft:porkchop":6,"minecraft:diamond_axe":2,"minecraft:crossbow":2,"minecraft:glow_berries":6,"minecraft:leather":9,"minecraft:emerald":17,"minecraft:flint":14,"minecraft:dirt":150,"minecraft:cornflower":1,"minecraft:mutton":2,"minecraft:coast_armor_trim_smithing_template":2,"minecraft:bone_block":3,"minecraft:sand":333,"minecraft:iron_pickaxe":1,"minecraft:birch_log":5,"minecraft:white_wool":5,"minecraft:cauldron":2,"minecraft:bone":58,"minecraft:gravel":85,"minecraft:sugar_cane":34,"minecraft:golden_chestplate":1,"minecraft:cobbled_deepslate":3,"minecraft:music_disc_otherside":1,"minecraft:rotten_flesh":13,"minecraft:oak_planks":25,"minecraft:diamond_shovel":2,"minecraft:white_bed":12,"minecraft:gunpowder":1,"minecraft:jungle_log":218,"minecraft:azalea":2,"minecraft:chest":4,"minecraft:spruce_slab":37,"minecraft:iron_ore":6,"minecraft:arrow":6,"minecraft:beef":14,"minecraft:oak_leaves":1,"minecraft:netherrack":1664,"minecraft:water_bucket":2,"minecraft:iron_ingot":6,"minecraft:iron_helmet":2,"minecraft:cobblestone":24,"minecraft:tropical_fish":25,"minecraft:grass_block":12,"minecraft:coal":42,"minecraft:stick":1,"minecraft:torch":1,"minecraft:fire_charge":1,"minecraft:stonecutter":1,"minecraft:iron_leggings":2,"minecraft:golden_hoe":1,"minecraft:iron_axe":1,"minecraft:dandelion":1,"minecraft:moss_carpet":1,"minecraft:player_head":12,"minecraft:raw_copper":96,"minecraft:diamond_hoe":1,"minecraft:composter":4,"minecraft:stone_shovel":2,"minecraft:iron_boots":4,"minecraft:iron_hoe":1,"minecraft:big_dripleaf":10,"minecraft:stone":71,"minecraft:diamond_chestplate":1,"minecraft:iron_chestplate":2,"minecraft:andesite":7,"minecraft:yellow_bed":6,"minecraft:oak_sapling":20,"minecraft:stone_bricks":1,"minecraft:bamboo":82,"minecraft:bow":1},"minecraft:mined":{"minecraft:spruce_planks":81,"minecraft:white_bed":10,"minecraft:cobblestone_stairs":6,"minecraft:brewing_stand":9,"minecraft:obsidian":27,"minecraft:granite":9,"minecraft:spruce_trapdoor":15,"minecraft:cave_vines_plant":1,"minecraft:grass_block":339,"minecraft:soul_soil":8,"minecraft:composter":9,"minecraft:spawner":2,"minecraft:tall_seagrass":1,"minecraft:raw_iron_block":1,"minecraft:glowstone":94,"minecraft:iron_ore":73,"minecraft:fire":3,"minecraft:pumpkin":75,"minecraft:fletching_table":11,"minecraft:deepslate_lapis_ore":7,"minecraft:enchanting_table":1,"minecraft:water_cauldron":2,"minecraft:player_head":1,"minecraft:spruce_slab":4,"minecraft:deepslate_redstone_ore":13,"minecraft:brown_mushroom":44,"minecraft:kelp_plant":131,"minecraft:clay":2,"minecraft:torch":4,"minecraft:blast_furnace":8,"minecraft:calcite":632,"minecraft:melon":6,"minecraft:chest":7,"minecraft:spruce_wall_sign":1,"minecraft:nether_quartz_ore":69,"minecraft:glass":2,"minecraft:cobblestone":100,"minecraft:sugar_cane":820,"minecraft:grindstone":5,"minecraft:oak_planks":1,"minecraft:wall_torch":2,"minecraft:amethyst_block":442,"minecraft:nether_wart_block":3,"minecraft:sand":214,"minecraft:dirt":65,"minecraft:crimson_planks":7,"minecraft:smooth_basalt":156,"minecraft:stonecutter":2,"minecraft:netherrack":1445,"minecraft:piston":3,"minecraft:deepslate":61,"minecraft:tuff":23,"minecraft:mossy_cobblestone":4,"minecraft:deepslate_diamond_ore":18,"minecraft:spruce_fence":11,"minecraft:spruce_leaves":58,"minecraft:kelp":4,"minecraft:moss_block":3,"minecraft:cartography_table":3,"minecraft:rooted_dirt":9,"minecraft:large_fern":5,"minecraft:spore_blossom":1,"minecraft:jungle_sapling":2,"minecraft:andesite":7,"minecraft:gold_block":1,"minecraft:big_dripleaf_stem":2,"minecraft:bookshelf":27,"minecraft:rail":1,"minecraft:shroomlight":14,"minecraft:deepslate_iron_ore":64,"minecraft:cobblestone_slab":18,"minecraft:vine":2,"minecraft:bamboo":116,"minecraft:stone":1153,"minecraft:bone_block":25,"minecraft:redstone_wall_torch":5,"minecraft:soul_sand":241,"minecraft:basalt":19,"minecraft:short_grass":95,"minecraft:crimson_slab":7,"minecraft:lectern":33,"minecraft:tall_grass":8,"minecraft:copper_ore":26,"minecraft:lapis_ore":5,"minecraft:diorite":2,"minecraft:blue_bed":2,"minecraft:birch_planks":1,"minecraft:redstone_torch":2,"minecraft:yellow_bed":3,"minecraft:coal_ore":108,"minecraft:gravel":411,"minecraft:cobweb":15,"minecraft:small_dripleaf":1,"minecraft:mossy_stone_bricks":1,"minecraft:fern":23},"minecraft:killed":{"minecraft:spider":5,"minecraft:skeleton":24,"minecraft:piglin":3,"minecraft:parrot":1,"minecraft:iron_golem":2,"minecraft:creeper":7,"minecraft:sheep":7,"minecraft:pillager":11,"minecraft:zombie":30,"minecraft:ghast":1,"minecraft:glow_squid":2,"minecraft:cow":33,"minecraft:slime":7,"minecraft:drowned":2,"minecraft:hoglin":1,"minecraft:enderman":5},"minecraft:picked_up":{"minecraft:oak_stairs":14,"minecraft:crimson_planks":7,"minecraft:brewing_stand":9,"minecraft:golden_sword":1,"minecraft:amethyst_block":471,"minecraft:music_disc_cat":1,"minecraft:string":18,"minecraft:soul_soil":8,"minecraft:raw_copper":96,"minecraft:shroomlight":11,"minecraft:cobbled_deepslate":50,"minecraft:spruce_planks":77,"minecraft:redstone_torch":8,"minecraft:cobblestone_slab":29,"minecraft:calcite":665,"minecraft:azalea":2,"minecraft:melon_slice":44,"minecraft:iron_boots":2,"minecraft:stick":249,"minecraft:big_dripleaf":10,"minecraft:composter":11,"minecraft:oak_fence":1,"minecraft:torch":15,"minecraft:porkchop":6,"minecraft:diorite":6,"minecraft:golden_chestplate":2,"minecraft:cauldron":2,"minecraft:rotten_flesh":37,"minecraft:tropical_fish":48,"minecraft:obsidian":25,"minecraft:cobblestone":218,"minecraft:enchanting_table":1,"minecraft:andesite":7,"minecraft:brown_wool":1,"minecraft:potato":16,"minecraft:flint":37,"minecraft:tuff":4,"minecraft:dirt":426,"minecraft:lapis_lazuli":59,"minecraft:bone":23,"minecraft:stonecutter":2,"minecraft:bow":2,"minecraft:wheat_seeds":36,"minecraft:grindstone":5,"minecraft:mossy_stone_bricks":1,"minecraft:fletching_table":11,"minecraft:bamboo":812,"minecraft:powered_rail":3,"minecraft:moss_block":7,"minecraft:oak_planks":8,"minecraft:sand":336,"minecraft:grass_block":11,"minecraft:dark_oak_log":44,"minecraft:mossy_cobblestone":5,"minecraft:clay":3,"minecraft:diamond":19,"minecraft:crossbow":2,"minecraft:granite":9,"minecraft:bone_meal":1,"minecraft:bread":13,"minecraft:spruce_sign":1,"minecraft:emerald":57,"minecraft:rooted_dirt":10,"minecraft:oak_sapling":67,"minecraft:netherrack":896,"minecraft:charcoal":40,"minecraft:bee_nest":1,"minecraft:azure_bluet":2,"minecraft:ominous_bottle":1,"minecraft:ladder":4,"minecraft:clay_ball":8,"minecraft:chest_minecart":1,"minecraft:brown_mushroom":46,"minecraft:cornflower":2,"minecraft:moss_carpet":4,"minecraft:cartography_table":3,"minecraft:music_disc_otherside":6,"minecraft:beef":74,"minecraft:player_head":15,"minecraft:birch_sapling":9,"minecraft:jungle_sapling":23,"minecraft:spruce_slab":8,"minecraft:lectern":33,"minecraft:sugar_cane":1654,"minecraft:chest":7,"minecraft:piston":3,"minecraft:spruce_trapdoor":14,"minecraft:egg":2,"minecraft:raw_iron":135,"minecraft:stone":161,"minecraft:spruce_fence":13,"minecraft:fire_charge":2,"minecraft:redstone":56,"minecraft:diamond_chestplate":1,"minecraft:arrow":20,"minecraft:stone_shovel":1,"minecraft:golden_hoe":2,"minecraft:gold_ingot":2,"minecraft:mutton":11,"minecraft:glow_berries":8,"minecraft:white_wool":6,"minecraft:rail":7,"minecraft:bone_block":11,"minecraft:crimson_slab":9,"minecraft:basalt":1,"minecraft:glow_ink_sac":3,"minecraft:leather":40,"minecraft:birch_planks":1,"minecraft:filled_map":1,"minecraft:nether_wart_block":4,"minecraft:yellow_bed":6,"minecraft:gunpowder":6,"minecraft:cobblestone_stairs":7,"minecraft:blue_bed":2,"minecraft:white_banner":1,"minecraft:spawner":2,"minecraft:coast_armor_trim_smithing_template":2,"minecraft:apple":15,"minecraft:stone_bricks":1,"minecraft:kelp":697,"minecraft:spore_blossom":1,"minecraft:heart_of_the_sea":1,"minecraft:iron_ingot":7,"minecraft:soul_sand":249,"minecraft:flowering_azalea":3,"minecraft:book":81,"minecraft:smooth_basalt":165,"minecraft:pumpkin":82,"minecraft:quartz":171,"minecraft:dandelion":10,"minecraft:raw_iron_block":1,"minecraft:gravel":439,"minecraft:spruce_sapling":283,"minecraft:blast_furnace":8,"minecraft:white_bed":19,"minecraft:spruce_log":103,"minecraft:spider_eye":1,"minecraft:pumpkin_seeds":4,"minecraft:slime_ball":7,"minecraft:coal":114,"minecraft:ender_pearl":2},"minecraft:used":{"minecraft:moss_block":2,"minecraft:spruce_slab":28,"minecraft:chest":15,"minecraft:shield":19,"minecraft:stone":69,"minecraft:player_head":32,"minecraft:soul_sand":129,"minecraft:axolotl_bucket":1,"minecraft:obsidian":21,"minecraft:spruce_boat":1,"minecraft:jungle_sapling":10,"minecraft:glass":3,"minecraft:grass_block":1,"minecraft:quartz_block":24,"minecraft:egg":1,"minecraft:potato":1,"minecraft:diorite":2,"minecraft:stone_pickaxe":131,"minecraft:composter":7,"minecraft:diamond_axe":336,"minecraft:sugar_cane":232,"minecraft:oak_leaves":10,"minecraft:blast_furnace":6,"minecraft:pumpkin_seeds":32,"minecraft:redstone_torch":8,"minecraft:bread":14,"minecraft:string":1,"minecraft:lectern":38,"minecraft:gravel":223,"minecraft:diamond_sword":456,"minecraft:grindstone":4,"minecraft:experience_bottle":1,"minecraft:enchanting_table":2,"minecraft:stone_sword":120,"minecraft:flint_and_steel":2,"minecraft:stone_shovel":86,"minecraft:spruce_planks":210,"minecraft:torch":22,"minecraft:brewing_stand":5,"minecraft:dirt":49,"minecraft:granite":7,"minecraft:spruce_fence":34,"minecraft:shroomlight":4,"minecraft:iron_hoe":33,"minecraft:bookshelf":32,"minecraft:spawner":2,"minecraft:crimson_slab":247,"minecraft:jungle_log":4,"minecraft:crimson_planks":61,"minecraft:diamond_chestplate":2,"minecraft:glowstone":2,"minecraft:golden_carrot":21,"minecraft:pumpkin":6,"minecraft:crimson_stem":93,"minecraft:calcite":7,"minecraft:water_bucket":35,"minecraft:cartography_table":2,"minecraft:spruce_sign":1,"minecraft:fletching_table":16,"minecraft:stonecutter":1,"minecraft:white_bed":7,"minecraft:spruce_log":21,"minecraft:piston":3,"minecraft:diamond_pickaxe":4431,"minecraft:diamond_shovel":1182,"minecraft:iron_pickaxe":95,"minecraft:spruce_trapdoor":146,"minecraft:spruce_sapling":125,"minecraft:stone_axe":67,"minecraft:cobblestone":93,"minecraft:white_banner":1,"minecraft:bucket":41,"minecraft:jukebox":1},"minecraft:broken":{"minecraft:stone_pickaxe":1,"minecraft:stone_axe":1,"minecraft:stone_sword":1}},"DataVersion":3953}