{"stats":{"minecraft:mined":{"minecraft:white_bed":4,"minecraft:cobblestone_stairs":2,"minecraft:pumpkin":14,"minecraft:brewing_stand":3,"minecraft:blast_furnace":1,"minecraft:short_grass":5,"minecraft:grass_block":1,"minecraft:chest":2,"minecraft:cobblestone":10,"minecraft:grindstone":1,"minecraft:spruce_leaves":4,"minecraft:sugar_cane":7,"minecraft:cartography_table":1},"minecraft:killed":{"minecraft:sheep":4,"minecraft:skeleton":1,"minecraft:zombie":1,"minecraft:iron_golem":1,"minecraft:spider":1,"minecraft:creeper":1,"minecraft:cow":5},"minecraft:crafted":{"minecraft:oak_planks":24,"minecraft:spruce_planks":48,"minecraft:stick":4,"minecraft:stone_axe":1},"minecraft:picked_up":{"minecraft:stick":49,"minecraft:bee_nest":1,"minecraft:pumpkin":14,"minecraft:leather":7,"minecraft:brewing_stand":3,"minecraft:spruce_sapling":24,"minecraft:cobblestone_stairs":2,"minecraft:blast_furnace":1,"minecraft:white_bed":4,"minecraft:gunpowder":1,"minecraft:dirt":2,"minecraft:bone":1,"minecraft:arrow":1,"minecraft:rotten_flesh":1,"minecraft:apple":7,"minecraft:cartography_table":1,"minecraft:iron_ingot":4,"minecraft:grindstone":1,"minecraft:beef":14,"minecraft:oak_sapling":58,"minecraft:sugar_cane":17,"minecraft:chest":2,"minecraft:mutton":6,"minecraft:birch_sapling":9,"minecraft:white_wool":4,"minecraft:cobblestone":10},"minecraft:dropped":{"minecraft:stone_shovel":1,"minecraft:oak_leaves":1,"minecraft:grass_block":1},"minecraft:custom":{"minecraft:time_since_rest":15631,"minecraft:interact_with_furnace":1,"minecraft:sprint_one_cm":154816,"minecraft:damage_taken":490,"minecraft:walk_one_cm":101207,"minecraft:mob_kills":14,"minecraft:drop":3,"minecraft:damage_dealt":2664,"minecraft:swim_one_cm":30922,"minecraft:interact_with_crafting_table":3,"minecraft:fly_one_cm":160536,"minecraft:open_chest":3,"minecraft:crouch_one_cm":1182,"minecraft:play_time":70261,"minecraft:deaths":1,"minecraft:sneak_time":564,"minecraft:walk_under_water_one_cm":952,"minecraft:jump":547,"minecraft:leave_game":6,"minecraft:time_since_death":15606,"minecraft:walk_on_water_one_cm":6796,"minecraft:climb_one_cm":432,"minecraft:total_world_time":70261,"minecraft:fall_one_cm":9432},"minecraft:broken":{"minecraft:stone_axe":1},"minecraft:used":{"minecraft:stone_sword":33,"minecraft:grass_block":1,"minecraft:stone_shovel":1,"minecraft:stone_pickaxe":19,"minecraft:player_head":1,"minecraft:oak_leaves":10,"minecraft:stone_axe":34,"minecraft:torch":6,"minecraft:pumpkin":3}},"DataVersion":3953}