{"stats":{"minecraft:killed_by":{"minecraft:iron_golem":1},"minecraft:mined":{"minecraft:white_bed":10,"minecraft:cobblestone_stairs":2,"minecraft:brewing_stand":5,"minecraft:short_grass":6,"minecraft:blast_furnace":2,"minecraft:grass_block":4,"minecraft:chest":5,"minecraft:lectern":1,"minecraft:tall_grass":1,"minecraft:oak_planks":1,"minecraft:cobblestone":13,"minecraft:composter":4,"minecraft:spruce_leaves":50,"minecraft:cartography_table":2,"minecraft:grindstone":2,"minecraft:sugar_cane":14,"minecraft:birch_planks":1,"minecraft:pumpkin":14,"minecraft:yellow_bed":3,"minecraft:bookshelf":4},"minecraft:killed":{"minecraft:spider":1,"minecraft:iron_golem":2,"minecraft:creeper":1,"minecraft:sheep":7,"minecraft:skeleton":1,"minecraft:zombie":1,"minecraft:cow":5},"minecraft:crafted":{"minecraft:oak_planks":24,"minecraft:stone_shovel":1,"minecraft:spruce_planks":96,"minecraft:stone_axe":1,"minecraft:shield":1,"minecraft:stick":4},"minecraft:picked_up":{"minecraft:bee_nest":1,"minecraft:leather":7,"minecraft:brown_wool":1,"minecraft:oak_stairs":14,"minecraft:potato":9,"minecraft:birch_planks":1,"minecraft:brewing_stand":5,"minecraft:yellow_bed":6,"minecraft:gunpowder":1,"minecraft:cobblestone_stairs":2,"minecraft:dirt":7,"minecraft:bone":1,"minecraft:apple":15,"minecraft:wheat_seeds":8,"minecraft:cartography_table":2,"minecraft:player_head":10,"minecraft:beef":14,"minecraft:grindstone":2,"minecraft:iron_ingot":7,"minecraft:lectern":1,"minecraft:sugar_cane":34,"minecraft:chest":5,"minecraft:birch_sapling":9,"minecraft:oak_planks":1,"minecraft:egg":1,"minecraft:book":12,"minecraft:stick":51,"minecraft:pumpkin":14,"minecraft:composter":6,"minecraft:spruce_sapling":29,"minecraft:blast_furnace":2,"minecraft:white_bed":19,"minecraft:arrow":1,"minecraft:rotten_flesh":1,"minecraft:gold_ingot":2,"minecraft:bread":11,"minecraft:oak_sapling":66,"minecraft:mutton":11,"minecraft:white_wool":6,"minecraft:cobblestone":13},"minecraft:dropped":{"minecraft:iron_ingot":3,"minecraft:player_head":10,"minecraft:composter":2,"minecraft:stone_shovel":1,"minecraft:white_bed":9,"minecraft:grass_block":1,"minecraft:yellow_bed":3,"minecraft:oak_leaves":1},"minecraft:custom":{"minecraft:interact_with_furnace":1,"minecraft:mob_kills":18,"minecraft:interact_with_crafting_table":4,"minecraft:time_since_death":16568,"minecraft:leave_game":6,"minecraft:sleep_in_bed":2,"minecraft:climb_one_cm":432,"minecraft:time_since_rest":6119,"minecraft:sprint_one_cm":270954,"minecraft:damage_taken":777,"minecraft:walk_one_cm":187339,"minecraft:drop":29,"minecraft:damage_dealt":3904,"minecraft:swim_one_cm":45197,"minecraft:fly_one_cm":309968,"minecraft:open_chest":16,"minecraft:crouch_one_cm":2668,"minecraft:play_time":94261,"minecraft:deaths":2,"minecraft:sneak_time":868,"minecraft:walk_under_water_one_cm":2016,"minecraft:jump":1139,"minecraft:walk_on_water_one_cm":9339,"minecraft:total_world_time":94261,"minecraft:fall_one_cm":22856},"minecraft:broken":{"minecraft:stone_axe":1},"minecraft:used":{"minecraft:stone_sword":41,"minecraft:stone_shovel":4,"minecraft:stone_pickaxe":26,"minecraft:cartography_table":2,"minecraft:chest":1,"minecraft:composter":2,"minecraft:player_head":5,"minecraft:oak_leaves":10,"minecraft:torch":6,"minecraft:brewing_stand":5,"minecraft:blast_furnace":2,"minecraft:white_bed":6,"minecraft:grass_block":1,"minecraft:bread":3,"minecraft:stone_axe":66,"minecraft:grindstone":2,"minecraft:egg":1,"minecraft:pumpkin":6}},"DataVersion":3953}