{"stats":{"minecraft:mined":{"minecraft:pumpkin":11,"minecraft:short_grass":2,"minecraft:grass_block":1,"minecraft:spruce_leaves":4},"minecraft:killed":{"minecraft:sheep":1,"minecraft:skeleton":1,"minecraft:creeper":1},"minecraft:crafted":{"minecraft:oak_planks":24,"minecraft:spruce_planks":48,"minecraft:stick":4},"minecraft:picked_up":{"minecraft:stick":49,"minecraft:bee_nest":1,"minecraft:pumpkin":11,"minecraft:spruce_sapling":24,"minecraft:gunpowder":1,"minecraft:dirt":1,"minecraft:bone":1,"minecraft:arrow":1,"minecraft:apple":7,"minecraft:oak_sapling":49,"minecraft:mutton":1,"minecraft:birch_sapling":9,"minecraft:white_wool":1},"minecraft:dropped":{"minecraft:oak_leaves":1,"minecraft:grass_block":1},"minecraft:custom":{"minecraft:time_since_rest":3631,"minecraft:interact_with_furnace":1,"minecraft:sprint_one_cm":100723,"minecraft:damage_taken":305,"minecraft:walk_one_cm":61205,"minecraft:mob_kills":3,"minecraft:drop":2,"minecraft:damage_dealt":564,"minecraft:swim_one_cm":1398,"minecraft:interact_with_crafting_table":3,"minecraft:fly_one_cm":98511,"minecraft:crouch_one_cm":1054,"minecraft:play_time":58261,"minecraft:deaths":1,"minecraft:sneak_time":487,"minecraft:walk_under_water_one_cm":252,"minecraft:jump":271,"minecraft:leave_game":6,"minecraft:time_since_death":3606,"minecraft:walk_on_water_one_cm":146,"minecraft:total_world_time":58261,"minecraft:fall_one_cm":5526},"minecraft:broken":{"minecraft:stone_axe":1},"minecraft:used":{"minecraft:stone_sword":1,"minecraft:grass_block":1,"minecraft:stone_shovel":1,"minecraft:oak_leaves":10,"minecraft:stone_axe":20,"minecraft:torch":6}},"DataVersion":3953}