{"stats":{"minecraft:mined":{"minecraft:coal_ore":30,"minecraft:iron_ore":1,"minecraft:stone":16,"minecraft:crafting_table":1,"minecraft:oak_leaves":1},"minecraft:killed":{"minecraft:sheep":1,"minecraft:pig":2,"minecraft:llama":1},"minecraft:crafted":{"minecraft:furnace":1,"minecraft:birch_planks":24,"minecraft:crafting_table":1},"minecraft:picked_up":{"minecraft:crafting_table":1,"minecraft:raw_iron":1,"minecraft:porkchop":4,"minecraft:mutton":2,"minecraft:birch_sapling":1,"minecraft:coal":30,"minecraft:white_wool":1,"minecraft:cobblestone":15},"minecraft:custom":{"minecraft:interact_with_furnace":1,"minecraft:time_since_rest":5955,"minecraft:crouch_one_cm":628,"minecraft:play_time":5955,"minecraft:sprint_one_cm":18827,"minecraft:damage_taken":35,"minecraft:walk_one_cm":11733,"minecraft:sneak_time":117,"minecraft:mob_kills":4,"minecraft:jump":120,"minecraft:damage_dealt":520,"minecraft:time_since_death":5955,"minecraft:total_world_time":5955,"minecraft:interact_with_crafting_table":2,"minecraft:fall_one_cm":1925,"minecraft:fly_one_cm":18266},"minecraft:used":{"minecraft:stone_axe":1,"minecraft:stone_sword":14,"minecraft:crafting_table":2,"minecraft:furnace":1,"minecraft:stone_pickaxe":47}},"DataVersion":3953}