{"stats":{"minecraft:mined":{"minecraft:nether_gold_ore":5,"minecraft:white_bed":1,"minecraft:mossy_cobblestone":2,"minecraft:deepslate_diamond_ore":6,"minecraft:cobblestone_stairs":3,"minecraft:nether_bricks":23,"minecraft:granite":3,"minecraft:grass_block":179,"minecraft:crimson_roots":3,"minecraft:large_fern":3,"minecraft:oak_trapdoor":2,"minecraft:furnace":2,"minecraft:iron_ore":3,"minecraft:fire":4,"minecraft:andesite":4,"minecraft:pumpkin":5,"minecraft:deepslate_iron_ore":4,"minecraft:stone":178,"minecraft:crimson_nylium":3,"minecraft:blackstone":21,"minecraft:basalt":73,"minecraft:crafting_table":4,"minecraft:short_grass":35,"minecraft:chest":1,"minecraft:nether_quartz_ore":82,"minecraft:cobblestone":72,"minecraft:tall_grass":7,"minecraft:copper_ore":1,"minecraft:grindstone":8,"minecraft:sugar_cane":30,"minecraft:wall_torch":1,"minecraft:coal_ore":121,"minecraft:dirt":74,"minecraft:netherrack":97,"minecraft:oak_leaves":1,"minecraft:fern":1,"minecraft:deepslate":19},"minecraft:killed_by":{"minecraft:player":1,"minecraft:skeleton":5},"minecraft:broken":{"minecraft:stone_pickaxe":1,"minecraft:shield":1,"minecraft:iron_axe":1,"minecraft:wooden_hoe":1,"minecraft:stone_shovel":1},"minecraft:picked_up":{"minecraft:crafting_table":4,"minecraft:ominous_bottle":4,"minecraft:ladder":2,"minecraft:cornflower":2,"minecraft:oak_trapdoor":2,"minecraft:string":7,"minecraft:raw_copper":124,"minecraft:flint_and_steel":1,"minecraft:experience_bottle":1,"minecraft:blackstone":17,"minecraft:gold_nugget":22,"minecraft:smooth_stone":11,"minecraft:cobbled_deepslate":69,"minecraft:beef":36,"minecraft:player_head":1,"minecraft:poppy":2,"minecraft:sugar_cane":100,"minecraft:chest":5,"minecraft:birch_sapling":1,"minecraft:diamond_hoe":1,"minecraft:egg":1,"minecraft:furnace":2,"minecraft:stick":14,"minecraft:raw_iron":8,"minecraft:stone":64,"minecraft:composter":2,"minecraft:big_dripleaf":10,"minecraft:torch":6,"minecraft:fire_charge":1,"minecraft:porkchop":15,"minecraft:golden_chestplate":2,"minecraft:arrow":12,"minecraft:stone_shovel":1,"minecraft:rotten_flesh":17,"minecraft:tropical_fish":6,"minecraft:nether_bricks":22,"minecraft:blaze_rod":1,"minecraft:glow_berries":6,"minecraft:mutton":26,"minecraft:white_wool":21,"minecraft:cobblestone":393,"minecraft:birch_log":5,"minecraft:basalt":109,"minecraft:andesite":11,"minecraft:leather":16,"minecraft:flint":13,"minecraft:crimson_fungus":1,"minecraft:yellow_bed":3,"minecraft:gunpowder":1,"minecraft:cobblestone_stairs":3,"minecraft:dirt":391,"minecraft:white_banner":1,"minecraft:coast_armor_trim_smithing_template":2,"minecraft:bone":70,"minecraft:bow":2,"minecraft:wheat_seeds":13,"minecraft:grindstone":8,"minecraft:iron_ingot":11,"minecraft:moss_block":5,"minecraft:pumpkin":5,"minecraft:quartz":81,"minecraft:dandelion":1,"minecraft:spruce_sapling":31,"minecraft:white_bed":4,"minecraft:mossy_cobblestone":1,"minecraft:iron_hoe":1,"minecraft:diamond_shovel":1,"minecraft:pumpkin_seeds":3,"minecraft:diamond":7,"minecraft:granite":7,"minecraft:crossbow":2,"minecraft:bread":4,"minecraft:emerald":25,"minecraft:crimson_roots":1,"minecraft:netherrack":65,"minecraft:oak_sapling":20,"minecraft:dark_oak_fence":30,"minecraft:coal":198},"minecraft:dropped":{"minecraft:oak_slab":7,"minecraft:wheat_seeds":13,"minecraft:ominous_bottle":4,"minecraft:mossy_cobblestone":1,"minecraft:crossbow":2,"minecraft:cobblestone":98,"minecraft:granite":2,"minecraft:emerald":19,"minecraft:cobblestone_stairs":3,"minecraft:dirt":38,"minecraft:wooden_hoe":2,"minecraft:dark_oak_fence":24,"minecraft:cornflower":2,"minecraft:crimson_roots":1,"minecraft:oak_stairs":68,"minecraft:pumpkin":9,"minecraft:iron_axe":3,"minecraft:iron_pickaxe":1,"minecraft:white_wool":7,"minecraft:spruce_sapling":8,"minecraft:dandelion":1,"minecraft:crimson_fungus":1,"minecraft:stone_axe":1,"minecraft:blackstone":17,"minecraft:oak_trapdoor":4,"minecraft:player_head":2,"minecraft:golden_chestplate":2,"minecraft:stone_sword":1,"minecraft:cobbled_deepslate":100,"minecraft:music_disc_otherside":1,"minecraft:birch_sapling":1,"minecraft:experience_bottle":1,"minecraft:stone_shovel":1,"minecraft:pumpkin_seeds":2,"minecraft:poppy":2,"minecraft:andesite":4,"minecraft:ladder":2,"minecraft:basalt":83,"minecraft:arrow":2,"minecraft:bow":2,"minecraft:netherrack":65,"minecraft:egg":1},"minecraft:used":{"minecraft:oak_trapdoor":22,"minecraft:stone_sword":99,"minecraft:stone_shovel":252,"minecraft:chest":2,"minecraft:shield":51,"minecraft:player_head":4,"minecraft:torch":63,"minecraft:dirt":231,"minecraft:spruce_boat":1,"minecraft:iron_hoe":1,"minecraft:lava_bucket":5,"minecraft:iron_axe":110,"minecraft:basalt":26,"minecraft:oak_sapling":7,"minecraft:furnace":7,"minecraft:cooked_beef":36,"minecraft:potato":9,"minecraft:cooked_mutton":3,"minecraft:water_bucket":22,"minecraft:birch_planks":12,"minecraft:stone_pickaxe":133,"minecraft:oak_planks":84,"minecraft:birch_boat":1,"minecraft:sugar_cane":9,"minecraft:white_wool":1,"minecraft:crafting_table":4,"minecraft:white_bed":2,"minecraft:spruce_log":13,"minecraft:pumpkin_seeds":1,"minecraft:wooden_hoe":86,"minecraft:diamond_pickaxe":391,"minecraft:bread":4,"minecraft:iron_pickaxe":210,"minecraft:spruce_sapling":23,"minecraft:stone_axe":13,"minecraft:diamond_sword":158,"minecraft:cobblestone":21,"minecraft:cooked_porkchop":8,"minecraft:white_banner":1,"minecraft:grindstone":9,"minecraft:smithing_table":1,"minecraft:bucket":28,"minecraft:experience_bottle":1},"minecraft:killed":{"minecraft:spider":4,"minecraft:skeleton":6,"minecraft:llama":1,"minecraft:magma_cube":3,"minecraft:piglin":4,"minecraft:pig":6,"minecraft:zombie_villager":1,"minecraft:hoglin":1,"minecraft:sheep":16,"minecraft:pillager":20,"minecraft:zombie":4,"minecraft:wither_skeleton":1,"minecraft:blaze":8,"minecraft:cow":10},"minecraft:custom":{"minecraft:mob_kills":88,"minecraft:interact_with_crafting_table":27,"minecraft:leave_game":4,"minecraft:time_since_death":115213,"minecraft:climb_one_cm":2488,"minecraft:sprint_one_cm":827957,"minecraft:walk_one_cm":546564,"minecraft:damage_blocked_by_shield":3368,"minecraft:drop":83,"minecraft:talked_to_villager":58,"minecraft:play_time":216757,"minecraft:deaths":7,"minecraft:sneak_time":3097,"minecraft:walk_under_water_one_cm":3904,"minecraft:boat_one_cm":45715,"minecraft:jump":2844,"minecraft:interact_with_blast_furnace":2,"minecraft:walk_on_water_one_cm":23198,"minecraft:total_world_time":216757,"minecraft:interact_with_furnace":88,"minecraft:traded_with_villager":162,"minecraft:interact_with_cartography_table":1,"minecraft:interact_with_stonecutter":5,"minecraft:sleep_in_bed":5,"minecraft:time_since_rest":55764,"minecraft:damage_taken":4547,"minecraft:damage_dealt":14846,"minecraft:swim_one_cm":16466,"minecraft:fly_one_cm":564874,"minecraft:open_chest":97,"minecraft:crouch_one_cm":14861,"minecraft:fall_one_cm":87194},"minecraft:crafted":{"minecraft:smooth_stone":31,"minecraft:oak_planks":204,"minecraft:birch_boat":1,"minecraft:furnace":5,"minecraft:stone":171,"minecraft:cooked_mutton":18,"minecraft:oak_trapdoor":24,"minecraft:quartz_block":20,"minecraft:diamond_helmet":1,"minecraft:diamond_leggings":1,"minecraft:iron_axe":5,"minecraft:chest":2,"minecraft:diamond_boots":1,"minecraft:spruce_boat":1,"minecraft:stone_bricks":7,"minecraft:cooked_beef":36,"minecraft:diamond_sword":1,"minecraft:emerald":151,"minecraft:cooked_porkchop":11,"minecraft:crafting_table":1,"minecraft:spruce_planks":2560,"minecraft:smithing_table":1,"minecraft:bucket":1,"minecraft:birch_planks":24,"minecraft:air":0,"minecraft:wooden_hoe":3,"minecraft:charcoal":264,"minecraft:diamond_pickaxe":1,"minecraft:shield":1,"minecraft:stick":4869,"minecraft:iron_ingot":4,"minecraft:iron_pickaxe":1,"minecraft:white_bed":1,"minecraft:torch":60,"minecraft:diamond_chestplate":1}},"DataVersion":3953}