{"stats":{"minecraft:killed_by":{"minecraft:skeleton":5},"minecraft:mined":{"minecraft:white_bed":1,"minecraft:crafting_table":4,"minecraft:short_grass":22,"minecraft:grass_block":147,"minecraft:chest":1,"minecraft:large_fern":3,"minecraft:furnace":2,"minecraft:iron_ore":1,"minecraft:pumpkin":5,"minecraft:coal_ore":30,"minecraft:dirt":65,"minecraft:stone":36,"minecraft:oak_leaves":1,"minecraft:fern":1},"minecraft:killed":{"minecraft:pig":6,"minecraft:sheep":8,"minecraft:skeleton":3,"minecraft:llama":1,"minecraft:cow":5},"minecraft:crafted":{"minecraft:oak_planks":204,"minecraft:cooked_porkchop":7,"minecraft:crafting_table":1,"minecraft:birch_boat":1,"minecraft:furnace":1,"minecraft:bucket":1,"minecraft:birch_planks":24,"minecraft:oak_trapdoor":24,"minecraft:wooden_hoe":1,"minecraft:stick":4,"minecraft:white_bed":1},"minecraft:picked_up":{"minecraft:crafting_table":4,"minecraft:leather":4,"minecraft:dirt":210,"minecraft:flint_and_steel":1,"minecraft:bone":7,"minecraft:wheat_seeds":8,"minecraft:beef":10,"minecraft:iron_ingot":3,"minecraft:chest":1,"minecraft:birch_sapling":1,"minecraft:furnace":2,"minecraft:raw_iron":1,"minecraft:pumpkin":5,"minecraft:porkchop":11,"minecraft:spruce_sapling":2,"minecraft:white_bed":1,"minecraft:arrow":6,"minecraft:stone_shovel":1,"minecraft:bread":4,"minecraft:mutton":12,"minecraft:coal":59,"minecraft:white_wool":8,"minecraft:cobblestone":35},"minecraft:dropped":{"minecraft:wheat_seeds":8,"minecraft:birch_sapling":1},"minecraft:custom":{"minecraft:interact_with_furnace":9,"minecraft:mob_kills":23,"minecraft:interact_with_crafting_table":11,"minecraft:leave_game":1,"minecraft:time_since_death":31980,"minecraft:sleep_in_bed":1,"minecraft:time_since_rest":20168,"minecraft:sprint_one_cm":158962,"minecraft:damage_taken":1535,"minecraft:walk_one_cm":145215,"minecraft:drop":4,"minecraft:damage_dealt":2718,"minecraft:swim_one_cm":11220,"minecraft:fly_one_cm":94787,"minecraft:open_chest":2,"minecraft:crouch_one_cm":7160,"minecraft:play_time":42004,"minecraft:deaths":5,"minecraft:sneak_time":1186,"minecraft:walk_under_water_one_cm":820,"minecraft:boat_one_cm":22345,"minecraft:jump":531,"minecraft:walk_on_water_one_cm":3845,"minecraft:total_world_time":42004,"minecraft:fall_one_cm":13550},"minecraft:broken":{"minecraft:stone_shovel":1},"minecraft:used":{"minecraft:oak_trapdoor":19,"minecraft:water_bucket":1,"minecraft:stone_sword":99,"minecraft:birch_planks":12,"minecraft:stone_pickaxe":69,"minecraft:stone_shovel":220,"minecraft:oak_planks":80,"minecraft:birch_boat":1,"minecraft:dirt":82,"minecraft:crafting_table":4,"minecraft:white_bed":2,"minecraft:wooden_hoe":4,"minecraft:stone_axe":11,"minecraft:furnace":2,"minecraft:cooked_porkchop":7,"minecraft:bucket":2}},"DataVersion":3953}