{"stats":{"minecraft:killed_by":{"minecraft:skeleton":5},"minecraft:mined":{"minecraft:white_bed":1,"minecraft:crafting_table":4,"minecraft:short_grass":22,"minecraft:grass_block":152,"minecraft:chest":1,"minecraft:sugar_cane":3,"minecraft:large_fern":3,"minecraft:furnace":2,"minecraft:iron_ore":1,"minecraft:pumpkin":5,"minecraft:coal_ore":30,"minecraft:dirt":69,"minecraft:stone":36,"minecraft:oak_leaves":1,"minecraft:fern":1},"minecraft:killed":{"minecraft:pig":6,"minecraft:sheep":8,"minecraft:skeleton":3,"minecraft:llama":1,"minecraft:cow":5},"minecraft:picked_up":{"minecraft:crafting_table":4,"minecraft:leather":4,"minecraft:dirt":219,"minecraft:flint_and_steel":1,"minecraft:bone":7,"minecraft:wheat_seeds":8,"minecraft:beef":10,"minecraft:iron_ingot":3,"minecraft:sugar_cane":9,"minecraft:chest":1,"minecraft:birch_sapling":1,"minecraft:furnace":2,"minecraft:raw_iron":1,"minecraft:pumpkin":5,"minecraft:porkchop":11,"minecraft:spruce_sapling":2,"minecraft:white_bed":1,"minecraft:arrow":6,"minecraft:stone_shovel":1,"minecraft:bread":4,"minecraft:mutton":12,"minecraft:coal":59,"minecraft:white_wool":8,"minecraft:cobblestone":35},"minecraft:crafted":{"minecraft:cooked_beef":10,"minecraft:oak_planks":204,"minecraft:cooked_porkchop":11,"minecraft:crafting_table":1,"minecraft:birch_boat":1,"minecraft:furnace":1,"minecraft:bucket":1,"minecraft:birch_planks":24,"minecraft:cooked_mutton":4,"minecraft:air":0,"minecraft:oak_trapdoor":24,"minecraft:wooden_hoe":3,"minecraft:stick":16,"minecraft:iron_ingot":4,"minecraft:white_bed":1,"minecraft:torch":28},"minecraft:dropped":{"minecraft:wheat_seeds":8,"minecraft:birch_sapling":1},"minecraft:custom":{"minecraft:interact_with_furnace":14,"minecraft:mob_kills":23,"minecraft:interact_with_crafting_table":16,"minecraft:leave_game":1,"minecraft:time_since_death":43980,"minecraft:sleep_in_bed":1,"minecraft:time_since_rest":32168,"minecraft:sprint_one_cm":188619,"minecraft:damage_taken":1535,"minecraft:walk_one_cm":192897,"minecraft:drop":4,"minecraft:damage_dealt":2718,"minecraft:swim_one_cm":12036,"minecraft:talked_to_villager":2,"minecraft:fly_one_cm":106858,"minecraft:open_chest":8,"minecraft:crouch_one_cm":8546,"minecraft:play_time":54004,"minecraft:deaths":5,"minecraft:sneak_time":1526,"minecraft:walk_under_water_one_cm":3084,"minecraft:boat_one_cm":22345,"minecraft:jump":631,"minecraft:interact_with_blast_furnace":1,"minecraft:walk_on_water_one_cm":13750,"minecraft:total_world_time":54004,"minecraft:fall_one_cm":14295},"minecraft:broken":{"minecraft:wooden_hoe":1,"minecraft:stone_shovel":1},"minecraft:used":{"minecraft:oak_trapdoor":20,"minecraft:water_bucket":5,"minecraft:stone_sword":99,"minecraft:birch_planks":12,"minecraft:stone_pickaxe":69,"minecraft:stone_shovel":228,"minecraft:oak_planks":84,"minecraft:birch_boat":1,"minecraft:player_head":1,"minecraft:torch":16,"minecraft:dirt":85,"minecraft:crafting_table":4,"minecraft:white_bed":2,"minecraft:wooden_hoe":85,"minecraft:bread":1,"minecraft:stone_axe":11,"minecraft:furnace":3,"minecraft:cooked_porkchop":8,"minecraft:bucket":5,"minecraft:potato":9}},"DataVersion":3953}