{"stats":{"minecraft:killed_by":{"minecraft:skeleton":5},"minecraft:mined":{"minecraft:large_fern":3,"minecraft:white_bed":1,"minecraft:furnace":2,"minecraft:iron_ore":1,"minecraft:pumpkin":5,"minecraft:crafting_table":4,"minecraft:short_grass":12,"minecraft:grass_block":124,"minecraft:coal_ore":30,"minecraft:chest":1,"minecraft:dirt":3,"minecraft:stone":16,"minecraft:oak_leaves":1,"minecraft:fern":1},"minecraft:killed":{"minecraft:skeleton":3,"minecraft:sheep":8,"minecraft:pig":6,"minecraft:llama":1,"minecraft:cow":5},"minecraft:crafted":{"minecraft:oak_planks":204,"minecraft:cooked_porkchop":7,"minecraft:crafting_table":1,"minecraft:birch_boat":1,"minecraft:white_bed":1,"minecraft:furnace":1,"minecraft:birch_planks":24},"minecraft:picked_up":{"minecraft:crafting_table":4,"minecraft:raw_iron":1,"minecraft:pumpkin":5,"minecraft:leather":4,"minecraft:porkchop":11,"minecraft:spruce_sapling":2,"minecraft:white_bed":1,"minecraft:dirt":114,"minecraft:flint_and_steel":1,"minecraft:arrow":6,"minecraft:bone":7,"minecraft:stone_shovel":1,"minecraft:wheat_seeds":8,"minecraft:beef":10,"minecraft:bread":4,"minecraft:chest":1,"minecraft:birch_sapling":1,"minecraft:mutton":12,"minecraft:coal":59,"minecraft:white_wool":8,"minecraft:cobblestone":15,"minecraft:furnace":2},"minecraft:dropped":{"minecraft:birch_sapling":1},"minecraft:custom":{"minecraft:time_since_rest":8168,"minecraft:interact_with_furnace":8,"minecraft:sprint_one_cm":139650,"minecraft:damage_taken":1515,"minecraft:walk_one_cm":84731,"minecraft:mob_kills":23,"minecraft:drop":1,"minecraft:damage_dealt":2708,"minecraft:swim_one_cm":11220,"minecraft:interact_with_crafting_table":6,"minecraft:fly_one_cm":85002,"minecraft:open_chest":2,"minecraft:crouch_one_cm":4002,"minecraft:play_time":30004,"minecraft:deaths":5,"minecraft:sneak_time":584,"minecraft:walk_under_water_one_cm":820,"minecraft:boat_one_cm":22345,"minecraft:jump":456,"minecraft:leave_game":1,"minecraft:walk_on_water_one_cm":3709,"minecraft:time_since_death":19980,"minecraft:sleep_in_bed":1,"minecraft:total_world_time":30004,"minecraft:fall_one_cm":11847},"minecraft:used":{"minecraft:stone_sword":99,"minecraft:birch_planks":12,"minecraft:stone_shovel":138,"minecraft:stone_pickaxe":49,"minecraft:oak_planks":52,"minecraft:birch_boat":1,"minecraft:stone_axe":11,"minecraft:crafting_table":4,"minecraft:furnace":2,"minecraft:cooked_porkchop":7,"minecraft:white_bed":1}},"DataVersion":3953}