{"stats":{"minecraft:killed_by":{"minecraft:skeleton":5},"minecraft:mined":{"minecraft:white_bed":1,"minecraft:mossy_cobblestone":2,"minecraft:cobblestone_stairs":3,"minecraft:crafting_table":4,"minecraft:short_grass":33,"minecraft:grass_block":177,"minecraft:chest":1,"minecraft:cobblestone":59,"minecraft:tall_grass":7,"minecraft:sugar_cane":3,"minecraft:wall_torch":1,"minecraft:large_fern":3,"minecraft:oak_trapdoor":1,"minecraft:furnace":2,"minecraft:iron_ore":1,"minecraft:pumpkin":5,"minecraft:coal_ore":30,"minecraft:dirt":74,"minecraft:stone":36,"minecraft:oak_leaves":1,"minecraft:fern":1},"minecraft:killed":{"minecraft:pig":6,"minecraft:sheep":8,"minecraft:skeleton":3,"minecraft:llama":1,"minecraft:cow":5},"minecraft:picked_up":{"minecraft:crafting_table":4,"minecraft:ladder":2,"minecraft:leather":4,"minecraft:cobblestone_stairs":3,"minecraft:oak_trapdoor":1,"minecraft:dirt":241,"minecraft:flint_and_steel":1,"minecraft:bone":7,"minecraft:wheat_seeds":12,"minecraft:beef":10,"minecraft:iron_ingot":6,"minecraft:sugar_cane":9,"minecraft:chest":1,"minecraft:birch_sapling":1,"minecraft:furnace":2,"minecraft:stick":3,"minecraft:raw_iron":1,"minecraft:pumpkin":5,"minecraft:torch":4,"minecraft:porkchop":11,"minecraft:spruce_sapling":3,"minecraft:white_bed":1,"minecraft:mossy_cobblestone":1,"minecraft:arrow":6,"minecraft:stone_shovel":1,"minecraft:bread":4,"minecraft:mutton":12,"minecraft:coal":59,"minecraft:white_wool":8,"minecraft:cobblestone":125},"minecraft:crafted":{"minecraft:cooked_beef":10,"minecraft:oak_planks":204,"minecraft:cooked_porkchop":11,"minecraft:crafting_table":1,"minecraft:birch_boat":1,"minecraft:furnace":1,"minecraft:bucket":1,"minecraft:birch_planks":24,"minecraft:cooked_mutton":4,"minecraft:air":0,"minecraft:oak_trapdoor":24,"minecraft:wooden_hoe":3,"minecraft:charcoal":6,"minecraft:stick":36,"minecraft:iron_ingot":4,"minecraft:iron_pickaxe":1,"minecraft:chest":2,"minecraft:white_bed":1,"minecraft:torch":28},"minecraft:dropped":{"minecraft:wheat_seeds":12,"minecraft:mossy_cobblestone":1,"minecraft:birch_sapling":1,"minecraft:cobblestone":98,"minecraft:cobblestone_stairs":3,"minecraft:ladder":2,"minecraft:oak_stairs":68},"minecraft:custom":{"minecraft:interact_with_furnace":17,"minecraft:mob_kills":23,"minecraft:interact_with_cartography_table":1,"minecraft:interact_with_crafting_table":18,"minecraft:leave_game":1,"minecraft:time_since_death":67980,"minecraft:sleep_in_bed":1,"minecraft:climb_one_cm":2218,"minecraft:time_since_rest":56168,"minecraft:sprint_one_cm":312693,"minecraft:damage_taken":1575,"minecraft:walk_one_cm":267260,"minecraft:drop":15,"minecraft:damage_dealt":2725,"minecraft:swim_one_cm":12036,"minecraft:talked_to_villager":2,"minecraft:fly_one_cm":178816,"minecraft:open_chest":22,"minecraft:crouch_one_cm":10510,"minecraft:play_time":78004,"minecraft:deaths":5,"minecraft:sneak_time":2056,"minecraft:walk_under_water_one_cm":3084,"minecraft:boat_one_cm":22345,"minecraft:jump":952,"minecraft:interact_with_blast_furnace":2,"minecraft:walk_on_water_one_cm":13893,"minecraft:total_world_time":78004,"minecraft:fall_one_cm":19697},"minecraft:broken":{"minecraft:stone_pickaxe":1,"minecraft:wooden_hoe":1,"minecraft:stone_shovel":1},"minecraft:used":{"minecraft:oak_trapdoor":22,"minecraft:water_bucket":17,"minecraft:stone_sword":99,"minecraft:birch_planks":12,"minecraft:stone_pickaxe":133,"minecraft:stone_shovel":250,"minecraft:oak_planks":84,"minecraft:chest":2,"minecraft:birch_boat":1,"minecraft:sugar_cane":9,"minecraft:player_head":1,"minecraft:torch":21,"minecraft:dirt":231,"minecraft:crafting_table":4,"minecraft:white_bed":2,"minecraft:wooden_hoe":86,"minecraft:lava_bucket":2,"minecraft:bread":4,"minecraft:iron_pickaxe":2,"minecraft:spruce_sapling":3,"minecraft:stone_axe":12,"minecraft:cobblestone":19,"minecraft:oak_sapling":7,"minecraft:furnace":3,"minecraft:cooked_porkchop":8,"minecraft:bucket":19,"minecraft:cooked_beef":1,"minecraft:potato":9}},"DataVersion":3953}