{"stats":{"minecraft:killed_by":{"minecraft:skeleton":5},"minecraft:mined":{"minecraft:large_fern":3,"minecraft:furnace":2,"minecraft:iron_ore":1,"minecraft:crafting_table":2,"minecraft:coal_ore":30,"minecraft:stone":16,"minecraft:oak_leaves":1,"minecraft:fern":1},"minecraft:killed":{"minecraft:skeleton":3,"minecraft:sheep":3,"minecraft:pig":6,"minecraft:llama":1,"minecraft:cow":4},"minecraft:crafted":{"minecraft:cooked_porkchop":7,"minecraft:crafting_table":1,"minecraft:furnace":1,"minecraft:birch_planks":24},"minecraft:picked_up":{"minecraft:crafting_table":2,"minecraft:raw_iron":1,"minecraft:leather":2,"minecraft:porkchop":11,"minecraft:spruce_sapling":2,"minecraft:arrow":6,"minecraft:bone":7,"minecraft:beef":8,"minecraft:birch_sapling":1,"minecraft:mutton":5,"minecraft:coal":59,"minecraft:white_wool":3,"minecraft:cobblestone":15,"minecraft:furnace":2},"minecraft:dropped":{"minecraft:birch_sapling":1},"minecraft:custom":{"minecraft:time_since_rest":8006,"minecraft:interact_with_furnace":8,"minecraft:sprint_one_cm":85531,"minecraft:damage_taken":1475,"minecraft:walk_one_cm":43123,"minecraft:mob_kills":17,"minecraft:drop":1,"minecraft:damage_dealt":2230,"minecraft:swim_one_cm":9814,"minecraft:interact_with_crafting_table":4,"minecraft:fly_one_cm":52526,"minecraft:crouch_one_cm":2735,"minecraft:play_time":18004,"minecraft:deaths":5,"minecraft:sneak_time":458,"minecraft:walk_under_water_one_cm":461,"minecraft:jump":297,"minecraft:leave_game":1,"minecraft:walk_on_water_one_cm":3245,"minecraft:time_since_death":7980,"minecraft:total_world_time":18004,"minecraft:fall_one_cm":8098},"minecraft:used":{"minecraft:stone_sword":84,"minecraft:stone_pickaxe":49,"minecraft:stone_axe":2,"minecraft:crafting_table":2,"minecraft:furnace":2,"minecraft:cooked_porkchop":5}},"DataVersion":3953}