{"stats":{"minecraft:killed_by":{"minecraft:skeleton":3,"minecraft:zombie":2},"minecraft:mined":{"minecraft:oak_slab":9,"minecraft:glass_pane":3,"minecraft:mossy_cobblestone":3,"minecraft:oak_door":1,"minecraft:cobblestone_stairs":1,"minecraft:crafting_table":2,"minecraft:torch":1,"minecraft:short_grass":162,"minecraft:grass_block":197,"minecraft:chest":3,"minecraft:tall_grass":11,"minecraft:cobblestone":66,"minecraft:spruce_leaves":3,"minecraft:oak_planks":23,"minecraft:sugar_cane":2,"minecraft:sandstone":2,"minecraft:smooth_stone":2,"minecraft:hay_block":48,"minecraft:furnace":1,"minecraft:cobblestone_wall":2,"minecraft:water_cauldron":8,"minecraft:dirt_path":27,"minecraft:oak_stairs":68,"minecraft:dirt":38,"minecraft:sand":14,"minecraft:stone":23,"minecraft:oak_leaves":6},"minecraft:killed":{"minecraft:pig":1,"minecraft:sheep":4,"minecraft:zombie":3},"minecraft:crafted":{"minecraft:oak_planks":4,"minecraft:stone_shovel":1,"minecraft:cooked_porkchop":1,"minecraft:crafting_table":1,"minecraft:spruce_planks":48,"minecraft:furnace":1,"minecraft:stone_axe":3,"minecraft:cooked_mutton":4,"minecraft:bread":36,"minecraft:air":0,"minecraft:charcoal":9,"minecraft:stick":8,"minecraft:stone_pickaxe":2,"minecraft:chest":1,"minecraft:white_bed":1,"minecraft:spruce_boat":1,"minecraft:torch":4,"minecraft:wheat":108},"minecraft:picked_up":{"minecraft:crafting_table":2,"minecraft:brown_wool":1,"minecraft:oak_stairs":54,"minecraft:oak_log":32,"minecraft:cobblestone_wall":2,"minecraft:cobblestone_stairs":1,"minecraft:dirt":318,"minecraft:wheat_seeds":13,"minecraft:smooth_stone":2,"minecraft:sugar_cane":7,"minecraft:chest":3,"minecraft:oak_planks":23,"minecraft:furnace":1,"minecraft:oak_slab":7,"minecraft:stick":7,"minecraft:sandstone":2,"minecraft:oak_door":1,"minecraft:torch":6,"minecraft:porkchop":2,"minecraft:sand":14,"minecraft:spruce_sapling":5,"minecraft:spruce_log":73,"minecraft:cauldron":8,"minecraft:mossy_cobblestone":3,"minecraft:rotten_flesh":3,"minecraft:stone_axe":1,"minecraft:hay_block":48,"minecraft:bread":1,"minecraft:oak_sapling":7,"minecraft:mutton":6,"minecraft:cobblestone":88,"minecraft:white_wool":3},"minecraft:dropped":{"minecraft:bread":5,"minecraft:stone_axe":1},"minecraft:custom":{"minecraft:interact_with_furnace":11,"minecraft:mob_kills":9,"minecraft:interact_with_crafting_table":13,"minecraft:leave_game":2,"minecraft:time_since_death":50847,"minecraft:sleep_in_bed":1,"minecraft:time_since_rest":3980,"minecraft:sprint_one_cm":102563,"minecraft:damage_taken":1606,"minecraft:walk_one_cm":261287,"minecraft:drop":6,"minecraft:damage_dealt":1247,"minecraft:swim_one_cm":1133,"minecraft:talked_to_villager":3,"minecraft:fly_one_cm":73698,"minecraft:open_chest":30,"minecraft:crouch_one_cm":19395,"minecraft:play_time":56028,"minecraft:deaths":5,"minecraft:sneak_time":5496,"minecraft:walk_under_water_one_cm":115,"minecraft:boat_one_cm":38704,"minecraft:jump":458,"minecraft:walk_on_water_one_cm":2402,"minecraft:total_world_time":56028,"minecraft:fall_one_cm":9660},"minecraft:broken":{"minecraft:stone_axe":2,"minecraft:stone_shovel":1},"minecraft:used":{"minecraft:stone_sword":11,"minecraft:stone_shovel":266,"minecraft:stone_pickaxe":112,"minecraft:chest":4,"minecraft:player_head":1,"minecraft:rotten_flesh":3,"minecraft:torch":5,"minecraft:dirt":271,"minecraft:sand":4,"minecraft:crafting_table":3,"minecraft:white_bed":1,"minecraft:spruce_boat":1,"minecraft:bread":3,"minecraft:stone_axe":172,"minecraft:cobblestone":59,"minecraft:furnace":2,"minecraft:cooked_porkchop":1,"minecraft:porkchop":1}},"DataVersion":3953}