{"stats":{"minecraft:custom":{"minecraft:interact_with_crafting_table":65,"minecraft:leave_game":8,"minecraft:time_since_death":127005,"minecraft:sprint_one_cm":524800,"minecraft:damage_blocked_by_shield":2794,"minecraft:drop":157,"minecraft:talked_to_villager":83,"minecraft:play_time":395768,"minecraft:deaths":8,"minecraft:jump":2700,"minecraft:walk_on_water_one_cm":37361,"minecraft:enchant_item":1,"minecraft:interact_with_furnace":71,"minecraft:traded_with_villager":405,"minecraft:sleep_in_bed":15,"minecraft:damage_dealt":7253,"minecraft:player_kills":1,"minecraft:crouch_one_cm":172071,"minecraft:use_cauldron":1,"minecraft:mob_kills":53,"minecraft:fill_cauldron":1,"minecraft:climb_one_cm":976,"minecraft:walk_one_cm":1612184,"minecraft:sneak_time":46874,"minecraft:walk_under_water_one_cm":9659,"minecraft:boat_one_cm":38704,"minecraft:interact_with_blast_furnace":12,"minecraft:total_world_time":395768,"minecraft:interact_with_grindstone":1,"minecraft:interact_with_stonecutter":2,"minecraft:time_since_rest":9368,"minecraft:damage_taken":5017,"minecraft:swim_one_cm":16643,"minecraft:fly_one_cm":420717,"minecraft:open_chest":243,"minecraft:fall_one_cm":57034},"minecraft:crafted":{"minecraft:smooth_stone":11,"minecraft:oak_planks":4,"minecraft:cobblestone_slab":78,"minecraft:stone":353,"minecraft:cooked_mutton":4,"minecraft:glass":172,"minecraft:diamond_leggings":1,"minecraft:diamond_helmet":1,"minecraft:bow":10,"minecraft:iron_boots":4,"minecraft:chest":18,"minecraft:stone_bricks":180,"minecraft:arrow":48,"minecraft:emerald":318,"minecraft:cooked_porkchop":1,"minecraft:crafting_table":6,"minecraft:spruce_planks":5984,"minecraft:iron_helmet":6,"minecraft:chainmail_chestplate":12,"minecraft:fletching_table":2,"minecraft:stone_brick_stairs":4,"minecraft:diamond_pickaxe":1,"minecraft:charcoal":9,"minecraft:shield":1,"minecraft:stick":11682,"minecraft:stone_slab":6,"minecraft:iron_ingot":28,"minecraft:iron_pickaxe":1,"minecraft:gold_ingot":26,"minecraft:golden_carrot":18,"minecraft:stone_shovel":3,"minecraft:furnace":11,"minecraft:spruce_stairs":12,"minecraft:iron_axe":20,"minecraft:spruce_slab":126,"minecraft:stone_pickaxe":2,"minecraft:diamond_boots":1,"minecraft:spruce_boat":1,"minecraft:wheat":108,"minecraft:crimson_planks":256,"minecraft:diamond_sword":1,"minecraft:crimson_slab":504,"minecraft:iron_sword":1,"minecraft:bucket":2,"minecraft:stone_axe":17,"minecraft:glowstone":29,"minecraft:bread":36,"minecraft:air":0,"minecraft:chainmail_boots":12,"minecraft:oak_stairs":4,"minecraft:white_bed":1,"minecraft:torch":204,"minecraft:diamond_chestplate":1},"minecraft:killed_by":{"minecraft:zombified_piglin":1,"minecraft:creeper":1,"minecraft:zombie":2,"minecraft:skeleton":3},"minecraft:dropped":{"minecraft:crimson_stem":13,"minecraft:iron_sword":1,"minecraft:moss_block":31,"minecraft:diamond_axe":1,"minecraft:emerald":125,"minecraft:dirt":21,"minecraft:dark_oak_log":44,"minecraft:dark_oak_fence":128,"minecraft:crimson_roots":4,"minecraft:gold_nugget":92,"minecraft:iron_pickaxe":1,"minecraft:gold_ingot":2,"minecraft:gravel":10,"minecraft:stone_axe":11,"minecraft:sugar_cane":3,"minecraft:rotten_flesh":2,"minecraft:oak_planks":12,"minecraft:chainmail_chestplate":12,"minecraft:azalea":1,"minecraft:chainmail_boots":13,"minecraft:basalt":114,"minecraft:arrow":1,"minecraft:bread":10,"minecraft:wheat_seeds":3,"minecraft:iron_helmet":7,"minecraft:cobblestone":104,"minecraft:granite":4,"minecraft:stick":1,"minecraft:torch":67,"minecraft:nether_wart_block":2,"minecraft:brown_wool":2,"minecraft:iron_leggings":1,"minecraft:flowering_azalea":2,"minecraft:smooth_stone":22,"minecraft:dandelion":1,"minecraft:moss_carpet":4,"minecraft:player_head":4,"minecraft:stone_sword":1,"minecraft:cobblestone_wall":50,"minecraft:raw_copper":28,"minecraft:stone_shovel":1,"minecraft:clay_ball":66,"minecraft:iron_boots":5,"minecraft:pumpkin_seeds":4,"minecraft:iron_chestplate":1,"minecraft:andesite":6,"minecraft:bow":9},"minecraft:mined":{"minecraft:oak_sapling":7,"minecraft:spruce_planks":7,"minecraft:white_bed":2,"minecraft:cobblestone_stairs":1,"minecraft:obsidian":24,"minecraft:cave_vines_plant":2,"minecraft:granite":4,"minecraft:grass_block":309,"minecraft:smooth_stone":2,"minecraft:weeping_vines_plant":1,"minecraft:glowstone":35,"minecraft:fire":2,"minecraft:iron_ore":38,"minecraft:cobbled_deepslate":5,"minecraft:moss_carpet":2,"minecraft:fletching_table":2,"minecraft:cave_vines":3,"minecraft:water_cauldron":8,"minecraft:dirt_path":29,"minecraft:oak_stairs":68,"minecraft:azalea":1,"minecraft:spruce_slab":4,"minecraft:deepslate_redstone_ore":2,"minecraft:blackstone":13,"minecraft:crimson_nylium":14,"minecraft:clay":16,"minecraft:torch":23,"minecraft:blast_furnace":2,"minecraft:chest":8,"minecraft:nether_quartz_ore":32,"minecraft:glass":10,"minecraft:cobblestone":105,"minecraft:sugar_cane":30,"minecraft:oak_planks":48,"minecraft:wall_torch":21,"minecraft:nether_wart_block":5,"minecraft:stone_brick_stairs":1,"minecraft:oak_log":1,"minecraft:sand":14,"minecraft:dirt":480,"minecraft:netherrack":172,"minecraft:oak_leaves":6,"minecraft:deepslate":102,"minecraft:nether_gold_ore":20,"minecraft:mossy_cobblestone":3,"minecraft:oak_door":1,"minecraft:dark_oak_fence":2,"minecraft:crimson_roots":1,"minecraft:spruce_leaves":17,"minecraft:moss_block":41,"minecraft:sandstone":2,"minecraft:hay_block":48,"minecraft:furnace":8,"minecraft:spruce_sapling":1,"minecraft:andesite":4,"minecraft:shroomlight":7,"minecraft:cobblestone_slab":28,"minecraft:stripped_oak_log":1,"minecraft:stone":2284,"minecraft:podzol":49,"minecraft:oak_slab":9,"minecraft:flowering_azalea":3,"minecraft:glass_pane":3,"minecraft:basalt":172,"minecraft:crafting_table":6,"minecraft:short_grass":236,"minecraft:crimson_slab":23,"minecraft:tall_grass":18,"minecraft:copper_ore":8,"minecraft:deepslate_gold_ore":15,"minecraft:diorite":135,"minecraft:spruce_stairs":2,"minecraft:cobblestone_wall":13,"minecraft:spruce_log":2,"minecraft:coal_ore":172,"minecraft:gravel":95,"minecraft:stone_bricks":18,"minecraft:fern":1},"minecraft:killed":{"minecraft:spider":4,"minecraft:skeleton":2,"minecraft:magma_cube":1,"minecraft:piglin":4,"minecraft:pig":1,"minecraft:creeper":2,"minecraft:sheep":4,"minecraft:pillager":2,"minecraft:zombie":24,"minecraft:blaze":6,"minecraft:drowned":1},"minecraft:picked_up":{"minecraft:iron_chestplate":2,"minecraft:chainmail_boots":1,"minecraft:oak_stairs":54,"minecraft:stone_brick_stairs":1,"minecraft:crimson_planks":4,"minecraft:string":5,"minecraft:raw_copper":28,"minecraft:iron_leggings":1,"minecraft:armor_stand":2,"minecraft:shroomlight":7,"minecraft:cobbled_deepslate":123,"minecraft:gold_nugget":485,"minecraft:smooth_stone":13,"minecraft:bucket":1,"minecraft:spruce_planks":115,"minecraft:cobblestone_slab":26,"minecraft:azalea":1,"minecraft:furnace":9,"minecraft:iron_boots":1,"minecraft:stick":135,"minecraft:torch":144,"minecraft:spruce_stairs":2,"minecraft:porkchop":2,"minecraft:diorite":268,"minecraft:golden_chestplate":2,"minecraft:cauldron":10,"minecraft:rotten_flesh":20,"minecraft:tropical_fish":19,"minecraft:blaze_rod":12,"minecraft:obsidian":38,"minecraft:cobblestone":2860,"minecraft:jungle_log":218,"minecraft:water_bucket":1,"minecraft:andesite":6,"minecraft:brown_wool":2,"minecraft:flint":16,"minecraft:dirt":946,"minecraft:name_tag":2,"minecraft:stonecutter":1,"minecraft:wheat_seeds":19,"minecraft:raw_gold":16,"minecraft:fletching_table":2,"minecraft:bamboo":82,"minecraft:glowstone_dust":294,"minecraft:moss_block":65,"minecraft:oak_planks":66,"minecraft:sand":253,"minecraft:dark_oak_log":44,"minecraft:mossy_cobblestone":3,"minecraft:granite":4,"minecraft:emerald":127,"minecraft:bread":11,"minecraft:oak_sapling":14,"minecraft:netherrack":455,"minecraft:dark_oak_fence":37,"minecraft:crimson_roots":6,"minecraft:crafting_table":6,"minecraft:clay_ball":66,"minecraft:cornflower":1,"minecraft:moss_carpet":4,"minecraft:iron_axe":1,"minecraft:flint_and_steel":1,"minecraft:blackstone":26,"minecraft:player_head":4,"minecraft:spruce_slab":39,"minecraft:chest":8,"minecraft:sugar_cane":69,"minecraft:raw_iron":58,"minecraft:sandstone":2,"minecraft:stone":3,"minecraft:oak_door":1,"minecraft:redstone":9,"minecraft:arrow":2,"minecraft:hay_block":48,"minecraft:gold_ingot":22,"minecraft:glow_berries":4,"minecraft:mutton":6,"minecraft:crimson_slab":345,"minecraft:white_wool":3,"minecraft:rail":30,"minecraft:stripped_oak_log":1,"minecraft:basalt":242,"minecraft:crimson_stem":444,"minecraft:oak_log":33,"minecraft:nether_wart_block":6,"minecraft:cobblestone_wall":63,"minecraft:cobblestone_stairs":1,"minecraft:stone_bricks":15,"minecraft:iron_ingot":1,"minecraft:flowering_azalea":3,"minecraft:oak_slab":7,"minecraft:quartz":264,"minecraft:dandelion":1,"minecraft:gravel":233,"minecraft:lava_bucket":1,"minecraft:spruce_sapling":220,"minecraft:blast_furnace":1,"minecraft:white_bed":3,"minecraft:spruce_log":296,"minecraft:spider_eye":1,"minecraft:diamond_shovel":1,"minecraft:pumpkin_seeds":4,"minecraft:stone_axe":1,"minecraft:iron_helmet":2,"minecraft:diamond_axe":2,"minecraft:melon_seeds":4,"minecraft:coal":300},"minecraft:used":{"minecraft:spruce_slab":34,"minecraft:chest":32,"minecraft:shield":42,"minecraft:stone":111,"minecraft:iron_sword":46,"minecraft:player_head":5,"minecraft:rotten_flesh":3,"minecraft:obsidian":10,"minecraft:spruce_boat":1,"minecraft:glass":43,"minecraft:coal_ore":18,"minecraft:stone_brick_stairs":5,"minecraft:stone_bricks":162,"minecraft:bow":50,"minecraft:furnace":19,"minecraft:diorite":1,"minecraft:powered_rail":1,"minecraft:stone_pickaxe":306,"minecraft:oak_planks":9,"minecraft:diamond_axe":69,"minecraft:sugar_cane":19,"minecraft:glow_berries":8,"minecraft:sand":4,"minecraft:blast_furnace":2,"minecraft:bread":36,"minecraft:gravel":21,"minecraft:diamond_sword":45,"minecraft:dark_oak_fence":1,"minecraft:chest_minecart":1,"minecraft:oak_fence":22,"minecraft:stone_sword":31,"minecraft:flint_and_steel":1,"minecraft:armor_stand":2,"minecraft:stone_shovel":472,"minecraft:spruce_planks":186,"minecraft:netherrack":31,"minecraft:torch":250,"minecraft:dirt":551,"minecraft:spruce_stairs":6,"minecraft:cobblestone_wall":114,"minecraft:diamond_helmet":1,"minecraft:shroomlight":7,"minecraft:flowering_azalea":1,"minecraft:iron_axe":32,"minecraft:crimson_slab":341,"minecraft:glowstone":10,"minecraft:golden_carrot":10,"minecraft:cobbled_deepslate":76,"minecraft:water_bucket":32,"minecraft:cauldron":2,"minecraft:fletching_table":4,"minecraft:stonecutter":1,"minecraft:cobblestone_slab":92,"minecraft:crafting_table":12,"minecraft:white_bed":5,"minecraft:spruce_log":1,"minecraft:oak_log":10,"minecraft:diamond_pickaxe":2980,"minecraft:diamond_shovel":433,"minecraft:iron_pickaxe":196,"minecraft:stone_slab":6,"minecraft:spruce_sapling":140,"minecraft:stone_axe":178,"minecraft:cobblestone":217,"minecraft:cooked_porkchop":1,"minecraft:porkchop":1,"minecraft:bucket":32,"minecraft:stripped_oak_log":1},"minecraft:broken":{"minecraft:stone_pickaxe":2,"minecraft:stone_axe":2,"minecraft:stone_shovel":3}},"DataVersion":3953}