{"stats":{"minecraft:killed_by":{"minecraft:skeleton":3,"minecraft:zombie":2},"minecraft:mined":{"minecraft:oak_slab":9,"minecraft:glass_pane":3,"minecraft:mossy_cobblestone":3,"minecraft:oak_door":1,"minecraft:cobblestone_stairs":1,"minecraft:crafting_table":2,"minecraft:torch":1,"minecraft:short_grass":51,"minecraft:grass_block":192,"minecraft:chest":3,"minecraft:tall_grass":1,"minecraft:cobblestone":65,"minecraft:spruce_leaves":3,"minecraft:oak_planks":23,"minecraft:sugar_cane":2,"minecraft:smooth_stone":2,"minecraft:hay_block":48,"minecraft:furnace":1,"minecraft:cobblestone_wall":2,"minecraft:water_cauldron":8,"minecraft:dirt_path":27,"minecraft:oak_stairs":68,"minecraft:sand":14,"minecraft:dirt":25,"minecraft:stone":23,"minecraft:oak_leaves":6},"minecraft:killed":{"minecraft:pig":1,"minecraft:sheep":3,"minecraft:zombie":3},"minecraft:crafted":{"minecraft:oak_planks":4,"minecraft:stone_shovel":1,"minecraft:cooked_porkchop":1,"minecraft:crafting_table":1,"minecraft:spruce_planks":48,"minecraft:furnace":1,"minecraft:stone_axe":3,"minecraft:bread":36,"minecraft:air":0,"minecraft:stick":8,"minecraft:chest":1,"minecraft:white_bed":1,"minecraft:spruce_boat":1,"minecraft:wheat":108},"minecraft:picked_up":{"minecraft:crafting_table":2,"minecraft:oak_stairs":54,"minecraft:oak_log":32,"minecraft:cobblestone_wall":2,"minecraft:cobblestone_stairs":1,"minecraft:dirt":303,"minecraft:wheat_seeds":5,"minecraft:smooth_stone":2,"minecraft:sugar_cane":7,"minecraft:chest":3,"minecraft:oak_planks":23,"minecraft:furnace":1,"minecraft:oak_slab":7,"minecraft:stick":7,"minecraft:oak_door":1,"minecraft:torch":6,"minecraft:porkchop":2,"minecraft:sand":14,"minecraft:spruce_sapling":5,"minecraft:spruce_log":73,"minecraft:cauldron":8,"minecraft:mossy_cobblestone":3,"minecraft:rotten_flesh":3,"minecraft:stone_axe":1,"minecraft:hay_block":48,"minecraft:bread":1,"minecraft:oak_sapling":7,"minecraft:mutton":4,"minecraft:cobblestone":87,"minecraft:white_wool":3},"minecraft:dropped":{"minecraft:bread":5,"minecraft:stone_axe":1},"minecraft:custom":{"minecraft:interact_with_furnace":4,"minecraft:mob_kills":8,"minecraft:interact_with_crafting_table":8,"minecraft:leave_game":2,"minecraft:time_since_death":38916,"minecraft:time_since_rest":38949,"minecraft:sprint_one_cm":90312,"minecraft:damage_taken":1586,"minecraft:walk_one_cm":215105,"minecraft:drop":6,"minecraft:damage_dealt":1167,"minecraft:swim_one_cm":1133,"minecraft:talked_to_villager":3,"minecraft:fly_one_cm":63972,"minecraft:open_chest":18,"minecraft:crouch_one_cm":8264,"minecraft:play_time":44097,"minecraft:deaths":5,"minecraft:sneak_time":3250,"minecraft:walk_under_water_one_cm":115,"minecraft:boat_one_cm":38704,"minecraft:jump":385,"minecraft:walk_on_water_one_cm":2402,"minecraft:total_world_time":44097,"minecraft:fall_one_cm":8572},"minecraft:broken":{"minecraft:stone_axe":2,"minecraft:stone_shovel":1},"minecraft:used":{"minecraft:stone_sword":11,"minecraft:stone_pickaxe":109,"minecraft:stone_shovel":250,"minecraft:chest":4,"minecraft:player_head":1,"minecraft:rotten_flesh":3,"minecraft:torch":1,"minecraft:dirt":203,"minecraft:sand":4,"minecraft:crafting_table":3,"minecraft:white_bed":1,"minecraft:spruce_boat":1,"minecraft:bread":1,"minecraft:stone_axe":171,"minecraft:porkchop":1,"minecraft:furnace":2,"minecraft:cooked_porkchop":1}},"DataVersion":3953}