{"stats":{"minecraft:killed_by":{"minecraft:skeleton":3,"minecraft:zombie":2},"minecraft:mined":{"minecraft:oak_slab":9,"minecraft:glass_pane":1,"minecraft:mossy_cobblestone":2,"minecraft:oak_door":1,"minecraft:crafting_table":2,"minecraft:torch":1,"minecraft:short_grass":50,"minecraft:grass_block":185,"minecraft:chest":2,"minecraft:tall_grass":1,"minecraft:cobblestone":20,"minecraft:spruce_leaves":3,"minecraft:oak_planks":23,"minecraft:sugar_cane":2,"minecraft:smooth_stone":1,"minecraft:hay_block":48,"minecraft:furnace":1,"minecraft:water_cauldron":8,"minecraft:dirt_path":27,"minecraft:oak_stairs":68,"minecraft:sand":14,"minecraft:dirt":20,"minecraft:stone":23,"minecraft:oak_leaves":6},"minecraft:killed":{"minecraft:pig":1,"minecraft:sheep":3,"minecraft:zombie":3},"minecraft:crafted":{"minecraft:oak_planks":4,"minecraft:stone_shovel":1,"minecraft:cooked_porkchop":1,"minecraft:crafting_table":1,"minecraft:spruce_planks":48,"minecraft:furnace":1,"minecraft:stone_axe":3,"minecraft:bread":36,"minecraft:air":0,"minecraft:stick":8,"minecraft:chest":1,"minecraft:white_bed":1,"minecraft:spruce_boat":1,"minecraft:wheat":108},"minecraft:picked_up":{"minecraft:crafting_table":2,"minecraft:oak_stairs":52,"minecraft:oak_log":32,"minecraft:dirt":290,"minecraft:wheat_seeds":5,"minecraft:smooth_stone":1,"minecraft:sugar_cane":7,"minecraft:chest":2,"minecraft:oak_planks":23,"minecraft:furnace":1,"minecraft:oak_slab":7,"minecraft:stick":7,"minecraft:oak_door":1,"minecraft:torch":3,"minecraft:porkchop":2,"minecraft:sand":14,"minecraft:spruce_sapling":5,"minecraft:spruce_log":73,"minecraft:cauldron":8,"minecraft:mossy_cobblestone":1,"minecraft:rotten_flesh":3,"minecraft:stone_axe":1,"minecraft:hay_block":48,"minecraft:bread":1,"minecraft:oak_sapling":7,"minecraft:mutton":4,"minecraft:cobblestone":38,"minecraft:white_wool":3},"minecraft:dropped":{"minecraft:bread":5,"minecraft:stone_axe":1},"minecraft:custom":{"minecraft:interact_with_furnace":4,"minecraft:mob_kills":8,"minecraft:interact_with_crafting_table":8,"minecraft:leave_game":1,"minecraft:time_since_death":33335,"minecraft:time_since_rest":33368,"minecraft:sprint_one_cm":86525,"minecraft:damage_taken":1586,"minecraft:walk_one_cm":189418,"minecraft:drop":6,"minecraft:damage_dealt":1157,"minecraft:swim_one_cm":1133,"minecraft:talked_to_villager":3,"minecraft:fly_one_cm":62056,"minecraft:open_chest":14,"minecraft:crouch_one_cm":5999,"minecraft:play_time":38516,"minecraft:deaths":5,"minecraft:sneak_time":2454,"minecraft:walk_under_water_one_cm":115,"minecraft:boat_one_cm":38704,"minecraft:jump":363,"minecraft:walk_on_water_one_cm":2402,"minecraft:total_world_time":38516,"minecraft:fall_one_cm":8303},"minecraft:broken":{"minecraft:stone_axe":2,"minecraft:stone_shovel":1},"minecraft:used":{"minecraft:stone_sword":11,"minecraft:stone_pickaxe":56,"minecraft:stone_shovel":240,"minecraft:chest":3,"minecraft:player_head":1,"minecraft:rotten_flesh":3,"minecraft:torch":1,"minecraft:dirt":67,"minecraft:sand":4,"minecraft:crafting_table":3,"minecraft:white_bed":1,"minecraft:spruce_boat":1,"minecraft:stone_axe":170,"minecraft:porkchop":1,"minecraft:furnace":2,"minecraft:cooked_porkchop":1}},"DataVersion":3953}