{"stats":{"minecraft:killed_by":{"minecraft:skeleton":3,"minecraft:zombie":2},"minecraft:mined":{"minecraft:hay_block":48,"minecraft:furnace":1,"minecraft:crafting_table":2,"minecraft:torch":1,"minecraft:short_grass":4,"minecraft:grass_block":93,"minecraft:water_cauldron":4,"minecraft:chest":2,"minecraft:sand":8,"minecraft:tall_grass":1,"minecraft:spruce_leaves":3,"minecraft:stone":23,"minecraft:sugar_cane":2,"minecraft:oak_leaves":6},"minecraft:killed":{"minecraft:sheep":2,"minecraft:pig":1,"minecraft:zombie":3},"minecraft:crafted":{"minecraft:oak_planks":4,"minecraft:cooked_porkchop":1,"minecraft:crafting_table":1,"minecraft:spruce_planks":48,"minecraft:chest":1,"minecraft:furnace":1,"minecraft:spruce_boat":1,"minecraft:stone_axe":1,"minecraft:bread":36,"minecraft:air":0,"minecraft:wheat":108},"minecraft:picked_up":{"minecraft:stick":5,"minecraft:crafting_table":2,"minecraft:torch":1,"minecraft:sand":8,"minecraft:porkchop":2,"minecraft:oak_log":32,"minecraft:spruce_sapling":5,"minecraft:spruce_log":73,"minecraft:cauldron":4,"minecraft:dirt":148,"minecraft:rotten_flesh":3,"minecraft:stone_axe":1,"minecraft:wheat_seeds":2,"minecraft:hay_block":48,"minecraft:bread":1,"minecraft:oak_sapling":4,"minecraft:sugar_cane":7,"minecraft:chest":2,"minecraft:mutton":2,"minecraft:white_wool":2,"minecraft:cobblestone":23,"minecraft:furnace":1},"minecraft:dropped":{"minecraft:bread":5,"minecraft:stone_axe":1},"minecraft:custom":{"minecraft:time_since_rest":21368,"minecraft:interact_with_furnace":3,"minecraft:sprint_one_cm":70438,"minecraft:damage_taken":1566,"minecraft:walk_one_cm":132280,"minecraft:mob_kills":7,"minecraft:drop":6,"minecraft:damage_dealt":1077,"minecraft:swim_one_cm":1133,"minecraft:interact_with_crafting_table":5,"minecraft:fly_one_cm":51708,"minecraft:open_chest":12,"minecraft:crouch_one_cm":98,"minecraft:play_time":26516,"minecraft:deaths":5,"minecraft:sneak_time":103,"minecraft:walk_under_water_one_cm":115,"minecraft:boat_one_cm":38704,"minecraft:jump":295,"minecraft:walk_on_water_one_cm":2402,"minecraft:leave_game":1,"minecraft:time_since_death":21335,"minecraft:total_world_time":26516,"minecraft:fall_one_cm":7006},"minecraft:broken":{"minecraft:stone_axe":1},"minecraft:used":{"minecraft:spruce_boat":1,"minecraft:stone_sword":11,"minecraft:stone_shovel":105,"minecraft:stone_pickaxe":28,"minecraft:chest":3,"minecraft:rotten_flesh":3,"minecraft:stone_axe":68,"minecraft:crafting_table":3,"minecraft:cooked_porkchop":1,"minecraft:furnace":2,"minecraft:porkchop":1}},"DataVersion":3953}