{"stats":{"minecraft:killed_by":{"minecraft:skeleton":3,"minecraft:zombie":2},"minecraft:mined":{"minecraft:podzol":49,"minecraft:oak_slab":9,"minecraft:oak_sapling":7,"minecraft:glass_pane":3,"minecraft:mossy_cobblestone":3,"minecraft:oak_door":1,"minecraft:cobblestone_stairs":1,"minecraft:crafting_table":2,"minecraft:torch":2,"minecraft:short_grass":165,"minecraft:grass_block":213,"minecraft:chest":3,"minecraft:tall_grass":11,"minecraft:cobblestone":83,"minecraft:spruce_leaves":3,"minecraft:oak_planks":23,"minecraft:sugar_cane":2,"minecraft:sandstone":2,"minecraft:spruce_stairs":2,"minecraft:smooth_stone":2,"minecraft:hay_block":48,"minecraft:spruce_sapling":1,"minecraft:furnace":1,"minecraft:cobblestone_wall":2,"minecraft:cobblestone_slab":3,"minecraft:coal_ore":15,"minecraft:water_cauldron":8,"minecraft:dirt_path":27,"minecraft:oak_stairs":68,"minecraft:dirt":70,"minecraft:sand":14,"minecraft:stone":56,"minecraft:oak_leaves":6},"minecraft:killed":{"minecraft:pig":1,"minecraft:sheep":4,"minecraft:zombie":3},"minecraft:crafted":{"minecraft:oak_planks":4,"minecraft:cobblestone_slab":36,"minecraft:stone_shovel":2,"minecraft:cooked_porkchop":1,"minecraft:crafting_table":1,"minecraft:spruce_planks":48,"minecraft:furnace":1,"minecraft:stone_axe":3,"minecraft:cooked_mutton":4,"minecraft:bread":36,"minecraft:air":0,"minecraft:spruce_stairs":12,"minecraft:charcoal":9,"minecraft:stick":16,"minecraft:stone_pickaxe":2,"minecraft:oak_stairs":4,"minecraft:chest":1,"minecraft:white_bed":1,"minecraft:spruce_boat":1,"minecraft:torch":28,"minecraft:wheat":108},"minecraft:picked_up":{"minecraft:crafting_table":2,"minecraft:brown_wool":1,"minecraft:oak_stairs":54,"minecraft:oak_log":32,"minecraft:cobblestone_wall":2,"minecraft:cobblestone_stairs":1,"minecraft:cornflower":1,"minecraft:dirt":418,"minecraft:wheat_seeds":14,"minecraft:smooth_stone":2,"minecraft:cobblestone_slab":3,"minecraft:sugar_cane":7,"minecraft:chest":3,"minecraft:oak_planks":23,"minecraft:furnace":1,"minecraft:oak_slab":7,"minecraft:stick":17,"minecraft:sandstone":2,"minecraft:oak_door":1,"minecraft:torch":8,"minecraft:spruce_stairs":2,"minecraft:porkchop":2,"minecraft:sand":14,"minecraft:spruce_sapling":31,"minecraft:spruce_log":98,"minecraft:cauldron":8,"minecraft:mossy_cobblestone":3,"minecraft:rotten_flesh":3,"minecraft:stone_axe":1,"minecraft:hay_block":48,"minecraft:bread":1,"minecraft:oak_sapling":14,"minecraft:mutton":6,"minecraft:coal":15,"minecraft:cobblestone":219,"minecraft:white_wool":3},"minecraft:dropped":{"minecraft:bread":5,"minecraft:stone_axe":1},"minecraft:custom":{"minecraft:interact_with_furnace":11,"minecraft:mob_kills":9,"minecraft:interact_with_crafting_table":16,"minecraft:leave_game":2,"minecraft:time_since_death":68847,"minecraft:sleep_in_bed":2,"minecraft:time_since_rest":8955,"minecraft:sprint_one_cm":131732,"minecraft:damage_taken":1646,"minecraft:walk_one_cm":350508,"minecraft:drop":6,"minecraft:damage_dealt":1247,"minecraft:swim_one_cm":1133,"minecraft:talked_to_villager":3,"minecraft:fly_one_cm":90299,"minecraft:open_chest":36,"minecraft:crouch_one_cm":30643,"minecraft:play_time":74028,"minecraft:deaths":5,"minecraft:sneak_time":8262,"minecraft:walk_under_water_one_cm":115,"minecraft:boat_one_cm":38704,"minecraft:jump":576,"minecraft:walk_on_water_one_cm":2402,"minecraft:total_world_time":74028,"minecraft:fall_one_cm":11239},"minecraft:broken":{"minecraft:stone_pickaxe":1,"minecraft:stone_axe":2,"minecraft:stone_shovel":2},"minecraft:used":{"minecraft:oak_fence":18,"minecraft:stone_sword":11,"minecraft:stone_shovel":330,"minecraft:stone_pickaxe":180,"minecraft:chest":4,"minecraft:cobblestone_slab":39,"minecraft:player_head":1,"minecraft:rotten_flesh":3,"minecraft:torch":18,"minecraft:dirt":334,"minecraft:sand":4,"minecraft:crafting_table":3,"minecraft:spruce_stairs":6,"minecraft:white_bed":1,"minecraft:spruce_boat":1,"minecraft:bread":3,"minecraft:spruce_sapling":28,"minecraft:stone_axe":174,"minecraft:cobblestone":170,"minecraft:furnace":2,"minecraft:cooked_porkchop":1,"minecraft:porkchop":1}},"DataVersion":3953}