{"stats":{"minecraft:killed_by":{"minecraft:skeleton":3,"minecraft:zombie":2},"minecraft:mined":{"minecraft:crafting_table":1,"minecraft:torch":1,"minecraft:grass_block":12,"minecraft:chest":1,"minecraft:spruce_leaves":3,"minecraft:stone":23,"minecraft:sugar_cane":2,"minecraft:oak_leaves":4},"minecraft:killed":{"minecraft:sheep":1,"minecraft:pig":1,"minecraft:zombie":3},"minecraft:crafted":{"minecraft:oak_planks":4,"minecraft:crafting_table":1,"minecraft:spruce_planks":12,"minecraft:chest":1,"minecraft:stone_axe":1},"minecraft:picked_up":{"minecraft:stick":5,"minecraft:crafting_table":1,"minecraft:torch":1,"minecraft:porkchop":2,"minecraft:oak_log":32,"minecraft:spruce_sapling":5,"minecraft:spruce_log":73,"minecraft:dirt":60,"minecraft:rotten_flesh":3,"minecraft:oak_sapling":1,"minecraft:sugar_cane":7,"minecraft:chest":1,"minecraft:white_wool":1,"minecraft:cobblestone":23},"minecraft:custom":{"minecraft:time_since_rest":9368,"minecraft:sprint_one_cm":44527,"minecraft:damage_taken":1536,"minecraft:walk_one_cm":79639,"minecraft:mob_kills":6,"minecraft:damage_dealt":987,"minecraft:swim_one_cm":1133,"minecraft:interact_with_crafting_table":2,"minecraft:fly_one_cm":30004,"minecraft:open_chest":6,"minecraft:crouch_one_cm":98,"minecraft:play_time":14516,"minecraft:deaths":5,"minecraft:sneak_time":101,"minecraft:walk_under_water_one_cm":115,"minecraft:jump":179,"minecraft:walk_on_water_one_cm":2402,"minecraft:leave_game":1,"minecraft:time_since_death":9335,"minecraft:total_world_time":14516,"minecraft:fall_one_cm":3716},"minecraft:broken":{"minecraft:stone_axe":1},"minecraft:used":{"minecraft:stone_sword":11,"minecraft:stone_shovel":12,"minecraft:stone_pickaxe":23,"minecraft:chest":1,"minecraft:rotten_flesh":3,"minecraft:stone_axe":17,"minecraft:crafting_table":1,"minecraft:porkchop":1}},"DataVersion":3953}