{"stats":{"minecraft:custom":{"minecraft:interact_with_furnace":11,"minecraft:mob_kills":3,"minecraft:play_record":1,"minecraft:traded_with_villager":30,"minecraft:interact_with_crafting_table":5,"minecraft:leave_game":2,"minecraft:time_since_death":10811,"minecraft:climb_one_cm":112,"minecraft:time_since_rest":10877,"minecraft:sprint_one_cm":188009,"minecraft:damage_taken":1228,"minecraft:walk_one_cm":181898,"minecraft:drop":18,"minecraft:damage_dealt":375,"minecraft:swim_one_cm":8597,"minecraft:talked_to_villager":20,"minecraft:fly_one_cm":101159,"minecraft:open_chest":26,"minecraft:crouch_one_cm":154,"minecraft:play_time":86978,"minecraft:deaths":3,"minecraft:sneak_time":384,"minecraft:walk_under_water_one_cm":12010,"minecraft:jump":636,"minecraft:walk_on_water_one_cm":61237,"minecraft:total_world_time":86978,"minecraft:fall_one_cm":15775},"minecraft:crafted":{"minecraft:coal_block":7,"minecraft:emerald":30,"minecraft:crafting_table":1,"minecraft:spruce_planks":548,"minecraft:cooked_chicken":1,"minecraft:spruce_door":3,"minecraft:stone_axe":2,"minecraft:cooked_mutton":9,"minecraft:air":0,"minecraft:stick":1075},"minecraft:killed_by":{"minecraft:player":3},"minecraft:dropped":{"minecraft:stone_axe":1,"minecraft:birch_planks":24,"minecraft:iron_helmet":1,"minecraft:jungle_planks":6,"minecraft:spruce_door":4,"minecraft:emerald":2,"minecraft:stick":5,"minecraft:diamond_chestplate":2,"minecraft:jungle_stairs":3,"minecraft:dark_oak_trapdoor":1,"minecraft:coast_armor_trim_smithing_template":2,"minecraft:stone_pickaxe":1,"minecraft:dark_oak_planks":4},"minecraft:mined":{"minecraft:dark_oak_planks":14,"minecraft:birch_stairs":2,"minecraft:flowering_azalea":4,"minecraft:spruce_planks":7,"minecraft:clay":3,"minecraft:jungle_stairs":3,"minecraft:jungle_planks":4,"minecraft:cobblestone":5,"minecraft:moss_block":3,"minecraft:oak_planks":15,"minecraft:wall_torch":6,"minecraft:sandstone":1,"minecraft:spruce_stairs":2,"minecraft:birch_planks":24,"minecraft:dark_oak_trapdoor":1,"minecraft:iron_ore":3,"minecraft:fire":3,"minecraft:dark_oak_stairs":8,"minecraft:coal_ore":67,"minecraft:vine":1,"minecraft:oak_stairs":17,"minecraft:packed_ice":67,"minecraft:azalea":1,"minecraft:stone":124,"minecraft:player_head":1,"minecraft:spruce_slab":2},"minecraft:killed":{"minecraft:sheep":2,"minecraft:chicken":1},"minecraft:picked_up":{"minecraft:iron_chestplate":1,"minecraft:feather":1,"minecraft:chicken":1,"minecraft:clay_ball":8,"minecraft:water_bucket":1,"minecraft:oak_stairs":8,"minecraft:birch_planks":24,"minecraft:music_disc_cat":1,"minecraft:lapis_lazuli":8,"minecraft:dark_oak_trapdoor":2,"minecraft:iron_leggings":2,"minecraft:coast_armor_trim_smithing_template":2,"minecraft:wheat_seeds":1,"minecraft:gold_nugget":18,"minecraft:spruce_planks":12,"minecraft:iron_ingot":18,"minecraft:stone_pickaxe":1,"minecraft:player_head":1,"minecraft:cobblestone_slab":3,"minecraft:azalea":1,"minecraft:iron_nugget":9,"minecraft:iron_pickaxe":1,"minecraft:moss_block":2,"minecraft:oak_planks":21,"minecraft:flowering_azalea":4,"minecraft:iron_boots":3,"minecraft:egg":1,"minecraft:book":5,"minecraft:stick":2,"minecraft:raw_iron":3,"minecraft:sandstone":1,"minecraft:torch":16,"minecraft:jungle_planks":6,"minecraft:spruce_door":2,"minecraft:dark_oak_planks":4,"minecraft:diamond_chestplate":2,"minecraft:jungle_stairs":3,"minecraft:iron_helmet":6,"minecraft:diamond_axe":1,"minecraft:gold_ingot":3,"minecraft:emerald":12,"minecraft:mutton":2,"minecraft:coal":66,"minecraft:white_wool":2,"minecraft:cobblestone":127},"minecraft:used":{"minecraft:cooked_mutton":8,"minecraft:stone_sword":15,"minecraft:spruce_door":1,"minecraft:stone_pickaxe":131,"minecraft:diamond_axe":1,"minecraft:player_head":1,"minecraft:white_wool":1,"minecraft:torch":9,"minecraft:crafting_table":1,"minecraft:iron_pickaxe":134,"minecraft:stone_axe":112,"minecraft:fire_charge":3,"minecraft:cobblestone":12},"minecraft:broken":{"minecraft:stone_pickaxe":1}},"DataVersion":3953}