{"stats":{"minecraft:crafted":{"minecraft:emerald":18,"minecraft:crafting_table":1,"minecraft:spruce_planks":548,"minecraft:cooked_chicken":1,"minecraft:spruce_door":3,"minecraft:stone_axe":2,"minecraft:cooked_mutton":9,"minecraft:air":0,"minecraft:stick":711},"minecraft:custom":{"minecraft:interact_with_furnace":10,"minecraft:mob_kills":3,"minecraft:traded_with_villager":18,"minecraft:interact_with_crafting_table":3,"minecraft:leave_game":2,"minecraft:time_since_death":30500,"minecraft:climb_one_cm":112,"minecraft:time_since_rest":30577,"minecraft:sprint_one_cm":179915,"minecraft:damage_taken":861,"minecraft:walk_one_cm":164138,"minecraft:drop":12,"minecraft:damage_dealt":375,"minecraft:swim_one_cm":8597,"minecraft:talked_to_villager":18,"minecraft:fly_one_cm":99788,"minecraft:open_chest":20,"minecraft:crouch_one_cm":154,"minecraft:play_time":74978,"minecraft:deaths":2,"minecraft:sneak_time":358,"minecraft:walk_under_water_one_cm":12010,"minecraft:jump":597,"minecraft:walk_on_water_one_cm":60784,"minecraft:total_world_time":74978,"minecraft:fall_one_cm":11596},"minecraft:killed_by":{"minecraft:player":2},"minecraft:dropped":{"minecraft:birch_planks":24,"minecraft:iron_helmet":1,"minecraft:jungle_planks":2,"minecraft:emerald":2,"minecraft:stick":5,"minecraft:jungle_stairs":3,"minecraft:dark_oak_trapdoor":1,"minecraft:coast_armor_trim_smithing_template":2,"minecraft:stone_pickaxe":1,"minecraft:dark_oak_planks":4},"minecraft:mined":{"minecraft:dark_oak_planks":14,"minecraft:birch_stairs":2,"minecraft:flowering_azalea":4,"minecraft:spruce_planks":7,"minecraft:clay":3,"minecraft:jungle_stairs":3,"minecraft:jungle_planks":4,"minecraft:cobblestone":5,"minecraft:moss_block":3,"minecraft:oak_planks":15,"minecraft:wall_torch":6,"minecraft:sandstone":1,"minecraft:spruce_stairs":2,"minecraft:birch_planks":24,"minecraft:dark_oak_trapdoor":1,"minecraft:iron_ore":3,"minecraft:dark_oak_stairs":8,"minecraft:coal_ore":67,"minecraft:oak_stairs":17,"minecraft:packed_ice":67,"minecraft:azalea":1,"minecraft:stone":124,"minecraft:player_head":1,"minecraft:spruce_slab":2},"minecraft:killed":{"minecraft:sheep":2,"minecraft:chicken":1},"minecraft:picked_up":{"minecraft:iron_chestplate":1,"minecraft:feather":1,"minecraft:chicken":1,"minecraft:clay_ball":8,"minecraft:oak_stairs":8,"minecraft:birch_planks":24,"minecraft:dark_oak_trapdoor":2,"minecraft:iron_leggings":2,"minecraft:wheat_seeds":1,"minecraft:spruce_planks":12,"minecraft:stone_pickaxe":1,"minecraft:player_head":1,"minecraft:cobblestone_slab":3,"minecraft:azalea":1,"minecraft:iron_pickaxe":1,"minecraft:moss_block":2,"minecraft:oak_planks":14,"minecraft:flowering_azalea":4,"minecraft:iron_boots":3,"minecraft:egg":1,"minecraft:stick":2,"minecraft:raw_iron":3,"minecraft:sandstone":1,"minecraft:torch":16,"minecraft:jungle_planks":6,"minecraft:dark_oak_planks":4,"minecraft:jungle_stairs":3,"minecraft:iron_helmet":5,"minecraft:emerald":2,"minecraft:mutton":2,"minecraft:coal":66,"minecraft:white_wool":2,"minecraft:cobblestone":127},"minecraft:used":{"minecraft:cooked_mutton":8,"minecraft:stone_sword":15,"minecraft:spruce_door":1,"minecraft:stone_pickaxe":131,"minecraft:player_head":1,"minecraft:white_wool":1,"minecraft:torch":9,"minecraft:crafting_table":1,"minecraft:iron_pickaxe":134,"minecraft:stone_axe":112,"minecraft:cobblestone":12},"minecraft:broken":{"minecraft:stone_pickaxe":1}},"DataVersion":3953}